date,headline,source_domain,url,language,social_image,raw_seendate,category,urgency_score,companies_mentioned,countries_mentioned
2024-04-30,Record US drug shortage a positive for Indian pharma companies,businesstoday.in,https://www.businesstoday.in/industry/pharma/story/record-us-drug-shortage-a-positive-for-indian-pharma-companies-427579-2024-04-30,English,https://akm-img-a-in.tosshub.com/businesstoday/images/story/202404/6630895080fef-the-prevailing-situation-in-the-us-pharmaceutical-industry-is-largely-due-to-fractures-in-the-supply-300149449-16x9.jpg,20240430T083000Z,Drug Shortage,4,None,India
2024-04-30,Have you been impacted by a recent or ongoing drug shortage ? We want to talk to you,journal-news.com,https://www.journal-news.com/local/have-you-been-impacted-by-a-recent-or-ongoing-drug-shortage-we-want-to-talk-to-you/4PXAIT5IYFGHJFSNWA7TXIVVFA/,English,https://www.journal-news.com/resizer/A8HrNCTYC-aha6H6ro7Xu6lOUP0=/1200x630/cloudfront-us-east-1.images.arcpublishing.com/coxohio/KFVPARYA4GBAAP5KF76JR627HI.jpg,20240430T150000Z,Drug Shortage,3,None,Global
2024-04-29,"Man , 60 , Dies After He Couldnt Access Chemo Drugs Amid Shortage",today.com,https://www.today.com/health/disease/man-dies-chemo-shortage-stage-4-cancer-rcna149561,English,,20240429T184500Z,Drug Shortage,3,None,Global
2024-04-27,Ohio Residents Still Struggling To Find Insulin Amid Shortage,wbckfm.com,https://wbckfm.com/ixp/689/p/ohio-insulin-shortage-update/,English,https://townsquare.media/site/689/files/2024/04/attachment-Untitled-design-2024-04-26T121655.648.jpg?&q=75&format=natural,20240427T143000Z,Drug Shortage,3,None,Global
2024-04-26,"PharmaLink Inc . and Recall Results , Inc . Announce Strategic Partnership to Enhance Drug Safety and Recall Efficiency",article.wn.com,https://article.wn.com/view/2024/04/26/PharmaLink_Inc_and_Recall_Results_Inc_Announce_Strategic_Par_v/,English,,20240426T180000Z,Product Recall/Quality,3,None,Global
2024-04-26,Essential medicines available but supply chain disruptions causing pockets of shortages : Drap,thenews.com.pk,https://www.thenews.com.pk/print/1182390-essential-medicines-available-but-supply-chain-disruptions-causing-pockets-of-shortages-drap,English,https://www.thenews.com.pk/assets/uploads/akhbar/2024-04-26/l_1182390_050400_updates.jpg,20240426T004500Z,Drug Shortage,3,None,Global
2024-04-26,Pharmacists warn of drug shortage,wgrz.com,https://www.wgrz.com/article/news/health/pharmacists-warn-drug-shortage/71-05498010-5c08-42aa-be7e-72cce111a8b7,English,https://media.wgrz.com/assets/WGRZ/images/58f852e0-33d8-46a0-835f-03866717b6ed/20240426T214715/58f852e0-33d8-46a0-835f-03866717b6ed_1140x641.jpg,20240426T231500Z,Drug Shortage,3,None,Global
2024-04-25,Dr . Reddy recalls 6 lots of PKU drug due to possible potency problems,fiercepharma.com,https://www.fiercepharma.com/manufacturing/dr-reddys-recalls-6-lots-pku-drug-due-possible-potency-problems,English,https://qtxasset.com/quartz/qcloud5/media/image/RECALL.jpg?VersionId=I7Ej.akZkM19zmdkD.wDXtAfTyqRDSle,20240425T151500Z,Product Recall/Quality,3,None,Global
2024-04-25,Patient - Provider Communication Is Key During Chemo Shortage,curetoday.com,https://www.curetoday.com/view/patient-provider-communication-is-key-during-chemo-shortage,English,https://cdn.sanity.io/images/0vv8moc6/curetoday/2c6ada59b0eb78a9ad1e95d509f1f36df8039fde-960x538.png?fit=crop&auto=format,20240425T233000Z,Drug Shortage,4,None,Global
2024-04-24,Punjab faces asthma inhalers shortage,tribune.com.pk,https://tribune.com.pk/story/2463843/punjab-faces-asthma-inhalers-shortage,English,https://i.tribune.com.pk/media/images/Asthma-inhaler1713986920-0/Asthma-inhaler1713986920-0.jpeg,20240424T201500Z,Drug Shortage,3,None,Global
2024-04-24,Recife está entre capitais do país sem estoque de vacina para campanha contra Covid - 19,diariodepernambuco.com.br,https://www.diariodepernambuco.com.br/noticia/vidaurbana/2024/04/recife-esta-entre-capitais-do-pais-sem-estoque-de-vacina-para-campanha.html,Portuguese,https://www.diariodepernambuco.com.br/static/app/noticia_127983242361/2024/04/24/951380/20240424073414597753i.jpg,20240424T151500Z,API/Manufacturing,2,None,Global
2024-04-22,Acute shortage of anti - rabies vaccine in Bharatpur Hospital leaves patients in trouble,myrepublica.nagariknetwork.com,https://myrepublica.nagariknetwork.com/news/acute-shortage-of-anti-rabies-vaccine-in-bharatpur-hospital-leaves-patients-in-trouble/,English,https://myrepublica.nagariknetwork.com/uploads/media/1612078596_duplicatevaccine-1200x560_20210720124610.jpg,20240422T043000Z,Drug Shortage,5,None,Global
2024-04-22,Shortage of TB drugs : Pune to get supply in 3 - 4 days,indianexpress.com,https://indianexpress.com/article/cities/pune/shortage-of-tb-drugs-pune-to-get-supply-in-3-4-days-9285055/,English,https://images.indianexpress.com/2024/04/TB_12de35.jpg,20240422T184500Z,Drug Shortage,3,None,Global
2024-04-22,Reimbursement limited for popular diabetes medication - China Daily » Capital News,capitalfm.co.ke,https://www.capitalfm.co.ke/news/2024/04/reimbursement-limited-for-popular-diabetes-medication-china-daily/,English,https://www.capitalfm.co.ke/news/files/2024/04/China-Med-999x576.jpeg,20240422T143000Z,API/Manufacturing,2,None,China
2024-04-21,Drug shortages plague patients . There a solution - Washington Examiner,washingtonexaminer.com,https://www.washingtonexaminer.com/opinion/2972919/drug-shortages-plague-patients-theres-a-solution/,English,https://wex-s3.s3.us-east-1.amazonaws.com/wp-content/uploads/2024/04/AP24096562283737-scaled.jpg,20240421T110000Z,Drug Shortage,4,None,Global
2024-04-20,Pharmacists and doctors share alternatives to popular diabetes and weight loss drug amid shortage,kctv5.com,https://www.kctv5.com/2024/04/20/pharmacists-doctors-share-alternatives-popular-diabetes-weight-loss-drug-amid-shortage/,English,https://gray-kctv-prod.cdn.arcpublishing.com/resizer/v2/ZCHXS6IEEJCGNG4GCA5ZCRP2JI.jfif?auth=17161df928c46bb23b5de7d3ae63a81703a547b80a558bfff76df520118d7961&smart=true,20240420T043000Z,Drug Shortage,3,None,Global
2024-04-19,WHO approves simpler cholera vaccine,bssnews.net,https://www.bssnews.net/news/184581,English,https://www.bssnews.net/assets/news_photos/2024/04/19/image-184581-1713545552.jpg,20240419T193000Z,Vaccines,1,None,Global
2024-04-19,"Fake Ozempic sites , Zepbound shortage , J & J sales miss : Pharma news",qz.com,https://qz.com/fake-ozempic-weight-loss-drugs-zepbound-shortage-1851420244,English,"https://i.kinja-img.com/image/upload/c_fill,h_675,pg_1,q_80,w_1200/103f7b5dc7ecec7ab887278739602d55.jpg",20240419T111500Z,Drug Shortage,3,None,Global
2024-04-19,Popular weight loss drugs in tight supply as Zepbound shortage could last through June,abcnews.go.com,https://abcnews.go.com/Health/popular-weight-loss-drugs-tight-supply-zepbound-shortage/story?id=109432179,English,https://i.abcnewsfe.com/a/fc4503f4-e3e4-437f-b247-80cd6918a28c/zepbound-rt-jef-240419_1713534551234_hpMain_2_16x9.jpg,20240419T230000Z,Drug Shortage,3,None,Global
2024-04-19,WHO prequalifies new oral vaccine for cholera ; Here what you need to know - Pharma News,financialexpress.com,https://www.financialexpress.com/healthcare/pharma-healthcare/who-prequalifies-new-oral-vaccine-for-cholera-heres-what-you-need-to-know/3462417/,English,https://www.financialexpress.com/wp-content/uploads/2023/12/105681190.jpg,20240419T131500Z,Vaccines,1,None,Global
2024-04-18,PepsiCo is recalling sugar - free Schweppes Ginger Ale after internal investigation,lehighvalleylive.com,https://www.lehighvalleylive.com/business/2024/04/pepsico-is-recalling-sugar-free-schweppes-ginger-ale-after-internal-investigation.html,English,https://www.lehighvalleylive.com/resizer/v2/2V6CADRFUZCX3ENT7EVQAMOGYE.png?auth=f1abab75b724038caec6e951e44e475eaf973149f63f232d4e1a83def16c7b75&quality=90,20240418T130000Z,Product Recall/Quality,3,None,Global
2024-04-18,Drug shortage reported across United States,kagstv.com,https://www.kagstv.com/article/news/local/texas/american-drug-shortage/285-7b8bf9cc-58e6-4aaf-92ec-dbc6f4e771b2,English,https://media.kagstv.com/assets/KHOU/images/d605f88a-532f-440a-9e93-29bbc75bb434/d605f88a-532f-440a-9e93-29bbc75bb434_1140x641.jpg,20240418T214500Z,Drug Shortage,3,None,United States
2024-04-18,Drug regulator CDSCO introduces guidelines to curb circulation of substandard pharmaceuticals,financialexpress.com,https://www.financialexpress.com/healthcare/drug-regulator-cdsco-introduces-guidelines-to-curb-circulation-of-substandard-pharmaceuticals/3461476/,English,https://www.financialexpress.com/wp-content/uploads/2024/04/Tablets-1.jpg,20240418T193000Z,Regulatory,1,None,Global
2024-04-18,"Zepbound shortage : Weight loss drug limited availability to continue , Eli Lilly says",yahoo.com,https://www.yahoo.com/news/zepbound-shortage-weight-loss-drugs-204336719.html,English,https://media.zenfs.com/en/wjzy_articles_340/b5407b013e6920e8f8ea0c773fbe57ef,20240418T231500Z,Drug Shortage,3,None,Global
2024-04-18,Weight - Loss Drug Suffers Supply Shortage,newsweek.com,https://www.newsweek.com/zepbound-weight-loss-drug-shortage-caused-demand-surge-1891725,English,https://d.newsweek.com/en/full/2380142/wegovy-injectable-prescription-weight-loss-drug.jpg,20240418T141500Z,Drug Shortage,3,None,Global
2024-04-18,Pharmacists warn about nationwide drug shortage impacting patients,atlantanewsfirst.com,https://www.atlantanewsfirst.com/2024/04/17/pharmacists-warn-about-nationwide-drug-shortage-impacting-patients/,English,https://gray-wgcl-prod.cdn.arcpublishing.com/resizer/v2/JNIJUFRXPBGIBPJINZWMS7K5KQ.PNG?auth=92cc573bbda89d1a32f582f47d663accc7439df37b5bfaba7198eb3a43dd0fd0&smart=true,20240418T021500Z,Drug Shortage,4,None,Global
2024-04-18,Congo - Kinshasa : Hospitals in Eastern DRC Face Vaccine Shortages,allafrica.com,https://allafrica.com/stories/202404180012.html,English,,20240418T051500Z,Drug Shortage,4,None,Global
2024-04-17,Persistent shortage of growth hormone frustrates parents and clinicians,knpr.org,https://knpr.org/npr/2024-04-17/persistent-shortage-of-growth-hormone-frustrates-parents-and-clinicians,English,https://media.npr.org/assets/img/2024/04/16/20240331_bbennett-npr007_sq-e1716a2be0ed5144b51692b6e38acfe1c4afb8fa.jpg,20240417T173000Z,Drug Shortage,3,None,Global
2024-04-17,Prior authorizations make growth hormone shortage worse : Shots,npr.org,https://www.npr.org/sections/health-shots/2024/04/17/1245154523/norditropin-growth-hormone-shortage,English,https://media.npr.org/assets/img/2024/04/16/20240331_bbennett-npr018_wide-cf7b0c9f8814994ed864d40a3dbc1a6b8ac42ed5-s1400-c100.jpg,20240417T150000Z,Drug Shortage,3,None,Global
2024-04-17,"Zero sugar ginger ale recalled for being full - sugar product , FDA site says",yahoo.com,https://www.yahoo.com/news/zero-sugar-ginger-ale-recalled-142926673.html,English,https://media.zenfs.com/en/wjzy_articles_340/8e632026797237f9f09fbfb113098a62,20240417T171500Z,Product Recall/Quality,3,None,Global
2024-04-16,"Healthy Returns : U . S . drug shortages reach record high , hitting Wegovy , ADHD medications",nbcdfw.com,https://www.nbcdfw.com/news/business/money-report/healthy-returns-u-s-drug-shortages-reach-record-high-hitting-wegovy-adhd-medications/3516416/,English,https://media.nbcdfw.com/2024/04/101757354-94626683_1.jpg?quality=85&strip=all,20240416T164500Z,Drug Shortage,3,None,Global
2024-04-16,US Medical Drug Shortages Reach Record High,empr.com,https://www.empr.com/home/news/us-medical-drug-shortages-reach-record-high/,English,https://www.empr.com/wp-content/uploads/sites/7/2024/01/MPR_1200x675.png,20240416T204500Z,Drug Shortage,3,None,Global
2024-04-16,Centre needs to solve TB drug shortage soon,newindianexpress.com,https://www.newindianexpress.com/editorials/2024/Apr/16/centre-needs-to-solve-tb-drug-shortage-soon,English,https://media.assettype.com/TNIE%2Fimport%2F2018%2F3%2F28%2Foriginal%2FTuberculosis4_AP.jpg?&ar=40%3A21&auto=format%2Ccompress&ogImage=true&mode=crop&enlarge=true&overlay=false&overlay_position=bottom&overlay_width=100,20240416T210000Z,Drug Shortage,3,None,Global
2024-04-15,"Another regulatory blow for Sun Pharma after Dadra unit tagged OAI by US FDA , stock down",moneycontrol.com,https://www.moneycontrol.com/news/business/markets/another-regulatory-blow-for-sun-pharma-after-dadra-unit-tagged-oai-by-us-fda-stock-down-12638701.html,English,https://images.moneycontrol.com/static-mcnews/2024/03/Sun-770x433.jpg,20240415T050000Z,Regulatory,1,Sun Pharma,Global
2024-04-15,U . S . pharmacy database shows record - high shortages of medical drugs,upi.com,https://www.upi.com/Health_News/2024/04/15/pharmacy-database-shortage-medical-drugs/9391713194175/,English,https://cdnph.upi.com/sv/ph/og/i/9391713194175/2024/1/17131966281942/v1.5/US-pharmacy-database-shows-record-high-shortages-of-medical-drugs.jpg,20240415T171500Z,Drug Shortage,3,None,Global
2024-04-14,"Latest News | Glenmark Recalls 6 , 528 Bottles of Blood Pressure Drug in US",latestly.com,https://www.latestly.com/agency-news/latest-news-glenmark-recalls-6528-bottles-of-blood-pressure-drug-in-us-5892458.html,English,https://st1.latestly.com/wp-content/uploads/2018/03/default-img-01-781x441.jpg,20240414T063000Z,Product Recall/Quality,3,None,Global
2024-04-14,"U . S . Drug shortages hit record high , pharmacists warn",freerepublic.com,https://freerepublic.com/focus/f-news/4231058/posts,English,,20240414T050000Z,Drug Shortage,3,None,Global
2024-04-14,Glenmark recalls blood pressure drug over dissolution specifications in US,businesstoday.in,https://www.businesstoday.in/latest/corporate/story/glenmark-recalls-6528-bottles-of-blood-pressure-drug-in-us-425445-2024-04-14,English,https://akm-img-a-in.tosshub.com/businesstoday/images/story/202404/661b6eeaf1fe6-the-affected-lot-has-been-produced-in-india-and-is-being-recalled-by-new-jersey-based-glenmark-pharm-145137434-16x9.jpg,20240414T061500Z,Product Recall/Quality,3,None,Global
2024-04-13,MP : Acute Shortage Of TB Medicines In State ; To Affect 1 Lakh Patients,freepressjournal.in,https://www.freepressjournal.in/bhopal/mp-acute-shortage-of-tb-medicines-in-state-to-affect-1-lakh-patients,English,https://media.assettype.com/freepressjournal/2022-03/6780d50b-0a53-4a7a-930e-1fc726753585/drug_price.avif,20240413T043000Z,Drug Shortage,5,None,Global
2024-04-13,The U . S . Is Facing Record Drug Shortages,zerohedge.com,https://www.zerohedge.com/markets/us-facing-record-drug-shortages,English,https://assets.zerohedge.com/s3fs-public/styles/16_9_max_700/public/2024-04/drugs.jpg?itok=Rpz1reeo,20240413T213000Z,Drug Shortage,3,None,Global
2024-04-12,Mexico faces dire medical fentanyl shortage despite being top illegal producer,foxnews.com,https://www.foxnews.com/world/mexico-faces-dire-medical-fentanyl-shortage-worlds-top-illegal-producer,English,https://static.foxnews.com/foxnews.com/content/uploads/2023/11/Border-Patrol-fentanyl-Seizure-4.jpg,20240412T224500Z,Drug Shortage,5,None,Global
2024-04-12,US Pharmaceutical Drug Shortages Reach Record High,theepochtimes.com,https://www.theepochtimes.com/health/us-pharmaceutical-drug-shortages-reach-record-high-5627738,English,https://img.theepochtimes.com/assets/uploads/2024/04/12/id5628164-shutterstock_2291810423-1080x720.jpg,20240412T204500Z,Drug Shortage,3,None,Global
2024-04-12,"Drug shortages hit record - high with hundreds in short supply : Pharmacists – KTBB News , Weather , Talk",ktbb.com,https://ktbb.com/post/?p=1313555,English,https://ktbb.com/post/wp-content/media/2024/04/3bce5670a00edb15e832f4853070d5d3.jpg,20240412T190000Z,Drug Shortage,3,None,Global
2024-04-12,Insulin shortage leaves patients vulnerable to serious health risks,nbc-2.com,https://www.nbc-2.com/article/insulin-shortage-serious-health-risks/60471398,English,"https://kubrick.htvapps.com/vidthumb/images/nbc2-insulin-shortage-66186cd5b3a0e.jpg?crop=1xw:1xh;center,top",20240412T004500Z,Drug Shortage,4,None,Global
2024-04-12,"Drug shortages have reached all - time high in the United States , pharmacists are warning",abc13.com,https://abc13.com/drug-shortages-have-reached-all-time-high-in-the-united-states-pharmacists-are-warning/14652510/,English,https://cdn.abcotvs.com/dip/images/14652528_041224-wpvi-n1-prescription-drug-shortage-pkg-video-vid.jpg,20240412T193000Z,Drug Shortage,3,None,United States
2024-04-12,Drug shortages reach record high in US,cnn.com,https://www.cnn.com/2024/04/12/health/drug-shortage-record-high/,English,"https://media.cnn.com/api/v1/images/stellar/prod/gettyimages-1406712294.jpg?c=16x9&q=w_800,c_fill",20240412T163000Z,Drug Shortage,3,None,Global
2024-04-12,"US Faces All - Time High Drug Shortage , Data Shows | The Daily Caller",dailycaller.com,https://dailycaller.com/2024/04/12/us-united-states-worst-drug-shortage-data/,English,https://cdn01.dailycaller.com/wp-content/uploads/2023/05/GettyImages-71963535-scaled-e1683742294178.jpg,20240412T211500Z,Drug Shortage,3,None,Global
2024-04-12,US drug shortages reach record high with 323 meds now in short supply,arstechnica.com,https://arstechnica.com/science/2024/04/us-drug-shortages-reach-record-high-with-323-meds-now-in-short-supply/,English,https://cdn.arstechnica.net/wp-content/uploads/2024/04/GettyImages-1815420209-760x380.jpeg,20240412T224500Z,Drug Shortage,3,None,Global
2024-04-12,Drug shortages hit record - high with hundreds in short supply : Pharmacists,wjnt.com,https://www.wjnt.com/syndicated-article/?id=1558856,English,https://s3.amazonaws.com/syndication.abcaudio.com/files/2024-04-12/Getty_041224_MedicineBottle-STOCK.JPG?icb=1712961099,20240412T224500Z,Drug Shortage,3,None,Global
2024-04-12,Drug shortages in U . S . at highest level on record since 2001,seekingalpha.com,https://seekingalpha.com/news/4089131-drug-shortages-us-highest-level-on-record,English,https://static.seekingalpha.com/cdn/s3/uploads/getty_images/1251485255/image_1251485255.jpg?io=getty-c-w750,20240412T094500Z,Drug Shortage,3,None,Global
2024-04-11,US drug shortages reach all - time high : Cancer and diabetes patients waiting deadly amount of time for lifesaving drugs,dailymail.co.uk,https://www.dailymail.co.uk/health/article-13298049/us-drug-shortages-cancer-patients-wait-time-lifesaving-drugs.html,English,https://i.dailymail.co.uk/1s/2024/04/11/17/80513105-0-image-m-37_1712852557200.jpg,20240411T191500Z,Drug Shortage,4,None,Global
2024-04-11,What to know about the Aruba Aloe brand recall,ktvb.com,https://www.ktvb.com/article/news/verify/recalls-verify/recall-aruba-aloe-brand-hand-sanitizer-and-gels/536-4eb07201-612d-4a08-8846-12d8dd5b1349,English,https://media.ktvb.com/assets/VERIFY/images/edfd8caa-d203-4061-87fe-81b1a79a357b/edfd8caa-d203-4061-87fe-81b1a79a357b_1140x641.jpg,20240411T011500Z,Product Recall/Quality,3,None,Global
2024-04-11,The VA Drug Pricing Model : What Senators Should Know,heritage.org,https://www.heritage.org/health-care-reform/report/the-va-drug-pricing-model-what-senators-should-know,English,https://www.heritage.org/themes/heritage/src/images/bell.png,20240411T004500Z,Pricing/Economics,1,None,Global
2024-04-10,"Laundry products recall at No Frills , Walmart , other stores",stcatharinesstandard.ca,https://www.stcatharinesstandard.ca/news/out-of-sight-major-tide-recall-at-no-frills-food-basics-walmart-shoppers-drug-mart/article_490b52b7-8827-587e-bf69-133b793115af.html,English,https://bloximages.chicago2.vip.townnews.com/stcatharinesstandard.ca/content/tncms/assets/v3/editorial/c/08/c086c911-7d72-5fdc-a981-afff2e7b5abb/6615d567588f4.image.png?crop=1872%2C983%2C118%2C0,20240410T010000Z,Product Recall/Quality,3,None,Global
2024-04-10,"Laundry products recall at No Frills , Walmart , other stores | News",toronto.com,https://www.toronto.com/news/out-of-sight-major-tide-recall-at-no-frills-food-basics-walmart-shoppers-drug-mart/article_ed896033-12df-5bcb-84e9-3507ab856b9b.html,English,https://bloximages.newyork1.vip.townnews.com/toronto.com/content/tncms/assets/v3/editorial/8/4d/84de243d-2cfc-5ffa-94d0-80bb56b0061a/6615d56574c69.image.jpg?crop=1916%2C1006%2C0%2C38,20240410T020000Z,Product Recall/Quality,3,None,Global
2024-04-10,"API Innovation Center looks to bolster US cancer drug supplies with Apertus deal , new tech",fiercepharma.com,https://www.fiercepharma.com/manufacturing/api-innovation-center-looks-bolster-us-cancer-drug-supplies-apertus-deal-new,English,https://qtxasset.com/quartz/qcloud5/media/image/GettyImages-1499814881.jpg?VersionId=yA.ZOV.2TMIs4ndptam9FJA.V7htYX7v,20240410T221500Z,API/Manufacturing,2,None,Global
2024-04-10,One in seven drug supply chain issue reports tied to drug shortages,medicalxpress.com,https://medicalxpress.com/news/2024-04-drug-chain-issue-shortages.html,English,https://scx2.b-cdn.net/gfx/news/2024/one-in-seven-drug-supp.jpg,20240410T174500Z,Drug Shortage,3,None,Global
2024-04-09,"The API Innovation Center , Apertus Pharmaceuticals Bring API Production of Critical Generic Cancer Drug to U . S . Soil",streetinsider.com,"https://www.streetinsider.com/Business+Wire/The+API+Innovation+Center,+Apertus+Pharmaceuticals+Bring+API+Production+of+Critical+Generic+Cancer+Drug+to+U.S.+Soil/23044660.html",English,,20240409T134500Z,API/Manufacturing,4,None,Global
2024-04-09,"Pertussis cases top 1 , 000 as govt scrambles for vaccines",philstar.com,https://www.philstar.com/headlines/2024/04/09/2346449/pertussis-cases-top-1000-govt-scrambles-vaccines,English,https://media.philstar.com/photos/2024/04/09/42024-03-2801-09-142024-04-0323-13-24_2024-04-09_14-51-32.jpg,20240409T081500Z,Vaccines,1,None,Global
2024-04-09,DHOs complain about shortage of essential medicines in KP - Pakistan,dawn.com,https://www.dawn.com/news/1826567/dhos-complain-about-shortage-of-essential-medicines-in-kp,English,,20240409T090000Z,Drug Shortage,3,None,Global
2024-04-08,DOH expecting shortage on pertussis vaccines,philstar.com,https://www.philstar.com/headlines/2024/04/09/2346271/doh-expecting-shortage-pertussis-vaccines,English,https://media.philstar.com/photos/2024/04/08/a1322_2024-04-08_21-36-23.jpg,20240408T163000Z,Drug Shortage,3,None,Global
2024-04-06,US drugs with noted supply - chain risks 5 times more likely to go into shortage in early COVID,cidrap.umn.edu,https://www.cidrap.umn.edu/covid-19/us-drugs-noted-supply-chain-risks-5-times-more-likely-go-shortage-early-covid,English,https://www.cidrap.umn.edu/themes/custom/cidrap_theme/images/cidrap-og-image.jpg,20240406T004500Z,Drug Shortage,3,None,Global
2024-04-06,Sanofi gets nod for new polio vaccine in India,tribuneindia.com,https://www.tribuneindia.com/news/business/sanofi-gets-nod-for-new-polio-vaccine-in-india-607856,English,https://englishtribuneimages.blob.core.windows.net/gallary-content/2024/4/2024_4$largeimg_1119426019.webp,20240406T030000Z,Vaccines,2,Sanofi,India
2024-04-05,"Adderall Shortage Led To 10 Percent Fewer Prescriptions Filled , Says Report",reason.com,https://reason.com/2024/04/05/report-adderall-shortage-led-to-10-percent-fewer-prescriptions-filled/,English,https://d2eehagpk5cl65.cloudfront.net/img/q60/uploads/2024/04/dreamstime_xxl_109924388-scaled.jpg,20240405T170000Z,Drug Shortage,3,None,Global
2024-04-05,"Govt . hikes prices of essential medicines again , claims it miniscule",thehindu.com,https://www.thehindu.com/sci-tech/health/govt-hikes-prices-of-essential-medicines-again-claims-its-miniscule/article68028403.ece,English,https://th-i.thgim.com/public/sci-tech/science/e7mty8/article68029459.ece/alternates/LANDSCAPE_1200/iStock-1135284188.jpg,20240405T133000Z,Pricing/Economics,1,None,Global
2024-04-05,Diabetes medication Humalog faces shortage in Canada - National,globalnews.ca,https://globalnews.ca/news/10404749/diabetes-medication-humalog-shortage-canada/,English,https://globalnews.ca/wp-content/uploads/2024/04/GettyImages-598733620.jpg?quality=85&strip=all&crop=1,20240405T194500Z,Drug Shortage,3,None,Global
2024-04-04,Many CVS drug plans will cover over - the - counter birth control pill at no cost,nbcconnecticut.com,https://www.nbcconnecticut.com/news/business/money-report/many-cvs-drug-plans-will-cover-over-the-counter-birth-control-pill-at-no-cost/3258437/,English,https://media.nbcconnecticut.com/2024/04/107397065-1712259110368-gettyimages-2105273506-js1_9448_m4p2ffye.jpeg?quality=85&strip=all,20240404T214500Z,Pricing/Economics,1,None,Global
2024-04-04,"Synergizing Efficiency : Leveraging Production Expertise in Peptide API Synthesis for Generic Drugs - April 04 , 2024 at 05 : 56 am EDT",marketscreener.com,https://www.marketscreener.com/quote/stock/BACHEM-HOLDING-AG-137396287/news/Synergizing-Efficiency-Leveraging-Production-Expertise-in-Peptide-API-Synthesis-for-Generic-Drugs-46361255/,English,https://www.marketscreener.com/images/twitter_MS_fdblanc.png,20240404T101500Z,API/Manufacturing,2,None,Global
2024-04-04,CVS Drug Plans to Allow No - Cost Access to OTC Birth Control,livemint.com,https://www.livemint.com/news/cvs-drug-plans-to-allow-no-cost-access-to-otc-birth-control-11712259154508.html,English,https://images.livemint.com/img/2018/12/28/600x338/News_-_world_1545994908237.jpg,20240404T211500Z,Pricing/Economics,1,None,Global
2024-04-04,There cant be shortage of Polio vaccine ; Serum Institute can make it : CEO Adar Poonawalla,economictimes.indiatimes.com,https://economictimes.indiatimes.com/industry/healthcare/biotech/healthcare/there-cant-be-shortage-of-polio-vaccine-serum-institute-can-make-it-sii-ceo-adar-poonawalla/articleshow/109045375.cms,English,"https://img.etimg.com/thumb/msid-109045400,width-1200,height-630,imgsize-24700,overlay-economictimes/photo.jpg",20240404T190000Z,Drug Shortage,3,None,Global
2024-04-04,Mark Cuban startup sending drugs to hospitals facing shortage,dallasnews.com,https://www.dallasnews.com/business/health-care/2024/04/04/mark-cubans-startup-sending-drugs-to-hospitals-facing-shortage/,English,https://dmn-dallas-news-prod.cdn.arcpublishing.com/resizer/v2/UKLRL3M2ZBHJDMNZR6RKUL755M.jpg?auth=1d242624aace12a6850aa05b483c3704e94c4d37fb64a8e40656fd815ccfb7e2&smart=true,20240404T121500Z,Drug Shortage,4,None,Global
2024-04-03,China develops first biosimilar of globally popular weight loss drug Ozempic ; Application submitted for approval,financialexpress.com,https://www.financialexpress.com/healthcare/pharma-healthcare/china-develops-first-biosimilar-of-globally-popular-weight-loss-drug-ozempic-application-submitted-for-approval/3445129/,English,https://www.financialexpress.com/wp-content/uploads/2024/04/vitamins-g81bff71f1_1920.jpg,20240403T121500Z,Patents/Generics,1,None,China
2024-04-03,DCA seizes antifungal medicine for price violations by manufacturer,thehindu.com,https://www.thehindu.com/news/national/telangana/dca-seizes-antifungal-medicine-for-price-violations-by-manufacturer/article68023708.ece,English,https://www.thehindu.com/theme/images/og-image.png,20240403T133000Z,Pricing/Economics,1,None,Global
2024-04-03,The weight loss drug Zepbound is officially in a shortage,qz.com,https://qz.com/weight-loss-drug-zepbound-fda-shortage-eli-lilly-1851384557,English,"https://i.kinja-img.com/image/upload/c_fill,h_675,pg_1,q_80,w_1200/ea94f81dfe51751ae0b0ce99b92504f9.jpg",20240403T190000Z,Drug Shortage,3,None,Global
2024-04-03,FDA confirms Zepbound shortage,beckershospitalreview.com,https://www.beckershospitalreview.com/glp-1s/fda-confirms-zepbound-shortage.html,English,,20240403T191500Z,Drug Shortage,3,None,Global
2024-04-03,Bavarian Nordic launches mpox vaccine in United States,financialexpress.com,https://www.financialexpress.com/healthcare/pharma-healthcare/bavarian-nordic-launches-mpox-vaccine-in-united-states/3444849/,English,https://www.financialexpress.com/wp-content/uploads/2024/04/mokee.jpg,20240403T081500Z,Vaccines,1,None,United States
2024-04-03,HHS pitches rewards for hospitals with drug shortage solutions,beckershospitalreview.com,https://www.beckershospitalreview.com/pharmacy/hhs-pitches-rewards-for-hospitals-with-drug-shortage-solutions.html,English,,20240403T191500Z,Drug Shortage,4,None,Global
2024-04-03,polio vaccine : Polio vaccine shortage looms over India with Sanofi plant shutdown,economictimes.indiatimes.com,https://economictimes.indiatimes.com/industry/healthcare/biotech/pharmaceuticals/polio-vaccine-shortage-looms-over-india-with-sanofi-plants-shutdown/articleshow/109014327.cms,English,"https://img.etimg.com/thumb/msid-109014364,width-1200,height-630,imgsize-92538,overlay-economictimes/photo.jpg",20240403T191500Z,Drug Shortage,4,Sanofi,India
2024-04-03,Drugs Sale In Ranchi : Jkhand Hc Takes Cognizance Of Sale Of Drugs In Capital | Ranchi News,timesofindia.indiatimes.com,https://timesofindia.indiatimes.com/city/ranchi/jkhand-hc-takes-cognizance-of-sale-of-drugs-in-capital/articleshow/108986930.cms,English,"https://static.toiimg.com/thumb/msid-47529300,width-1070,height-580,imgsize-110164,resizemode-75,overlay-toi_sw,pt-32,y_pad-40/photo.jpg",20240403T010000Z,API/Manufacturing,2,None,Global
2024-04-02,HHS Releases White Paper Focused on Preventing Drug Shortages,hhs.gov,https://www.hhs.gov/about/news/2024/04/02/hhs-releases-white-paper-focused-preventing-drug-shortages.html,English,https://www.hhs.gov/sites/default/files/styles/og_image_style/public/news_release.png?itok=7Yn3VSO9,20240402T191500Z,Drug Shortage,3,None,Global
2024-04-02,Possible Microbial Contamination Prompts Recall of Atovaquone Oral Suspension,empr.com,https://www.empr.com/home/news/safety-alerts-and-recalls/possible-microbial-contamination-prompts-recall-of-atovaquone-oral-suspension/,English,https://www.empr.com/wp-content/uploads/sites/7/2024/01/MPR_1200x675.png,20240402T221500Z,Product Recall/Quality,3,None,Global
2024-04-02,"Morphine shortage across New Zealand impacting patients in palliative care , new stock months away",nzherald.co.nz,https://www.nzherald.co.nz/nz/morphine-shortage-across-new-zealand-impacting-patients-in-palliative-care-new-stock-months-away/MNGW675QBFCFVGDPF765GZSM2Q/,English,https://www.nzherald.co.nz/resizer/v2/F2Q2PP6CDVAAXDOONQOK4WDG2E.png?auth=75eb870b6087cbc0d79ba02184e512c679f715c6f03ea531e5011bd6e05897bf&quality=70&smart=true,20240402T070000Z,Drug Shortage,4,None,Global
2024-04-01,Eli Lilly obesity drug may face shortage issue in United States ; Here why - Pharma News,financialexpress.com,https://www.financialexpress.com/healthcare/pharma-healthcare/eli-lillys-obesity-drug-may-face-shortage-issue-in-united-states-heres-why/3443009/,English,https://www.financialexpress.com/wp-content/uploads/2024/04/painkillers-g0651a5da2_1920.jpg,20240401T141500Z,Drug Shortage,3,None,United States
2024-03-28,Queensland government facing thousand of potential compo claims after vaccines ruling,dailymail.co.uk,https://www.dailymail.co.uk/news/article-13246523/Queensland-government-facing-thousands-potential-compo-claims-vaccines-ruling.html,English,https://i.dailymail.co.uk/1s/2024/03/27/23/82975537-0-image-m-17_1711582198035.jpg,20240328T010000Z,Vaccines,1,None,Usa
2024-03-27,"India Inc warms up to the idea of product recalls as pharma , auto industries lead the charge",economictimes.indiatimes.com,https://economictimes.indiatimes.com/news/company/corporate-trends/india-inc-warms-up-to-the-idea-of-product-recalls-as-pharma-auto-industries-lead-the-charge/articleshow/108829381.cms,English,"https://img.etimg.com/thumb/msid-108829445,width-1200,height-630,imgsize-27274,overlay-economictimes/photo.jpg",20240327T193000Z,Product Recall/Quality,4,None,India
2024-03-24,Sydney dogs at risk over Leptospirosis vaccine shortage,smh.com.au,https://www.smh.com.au/national/nsw/the-deadly-reason-your-dog-should-avoid-the-communal-water-bowl-20240320-p5fdsl.html,English,https://static.ffx.io/images/$zoom_0.38763453081464216%2C$multiply_0.7554%2C$ratio_1.776846%2C$width_1059%2C$x_731%2C$y_721/t_crop_custom/q_86%2Cf_auto/t_smh_no_label_no_age_social_wm/38fc73b7d4a5b2ceeaf488ee5d0371120a48aebc,20240324T203000Z,Drug Shortage,3,None,Global
2024-03-24,Vets and farmers struggling to secure vaccines,farmersjournal.ie,https://www.farmersjournal.ie/news/news/vets-and-farmers-struggling-to-secure-vaccines-810474,English,https://s3-eu-west-1.amazonaws.com/ifj/WEBFILES/000/810/474/2159050-810474.jpg,20240324T211500Z,Vaccines,1,None,Global
2024-03-21,"Canada faces shortage of measles vaccines amid rise in cases , demand",cbc.ca,https://www.cbc.ca/news/canada/new-brunswick/measles-vaccine-shortage-canada-private-pharmacies-merck-gsk-new-brunswick-1.7149708,English,https://i.cbc.ca/1.5120934.1708719149!/fileImage/httpImage/image.jpg_gen/derivatives/16x9_620/usa-measles-states.jpg,20240321T114500Z,Drug Shortage,3,None,Global
2024-03-21,WHO Urges Immediate Action Amid Cholera Vaccine Shortage,voanews.com,https://www.voanews.com/a/who-urges-immediate-action-amid-cholera-vaccine-shortage/7536472.html,English,https://gdb.voanews.com/CF1592DD-E617-42AC-99B2-12C5CD9C021B.jpg,20240321T024500Z,Drug Shortage,5,None,Global
2024-03-20,"Millions at risk from cholera due to lack of clean water , soap and toilets , and shortage of cholera vaccine - Sudan",reliefweb.int,https://reliefweb.int/report/sudan/millions-risk-cholera-due-lack-clean-water-soap-and-toilets-and-shortage-cholera-vaccine,English,https://reliefweb.int/sites/default/files/styles/large/public/images/reports/69/fe/69fe4c0f-de9b-4045-a2d7-5bc5be08ee47.jpg,20240320T230000Z,Drug Shortage,3,None,Global
2024-03-20,WHO urges increased cholera vaccine production in response to surging cases,upi.com,https://www.upi.com/Top_News/World-News/2024/03/20/switzerland-world-health-organization-urges-more-cholera-vaccine-production/4761710958657/,English,https://cdnph.upi.com/sv/ph/og/upi_com/4761710958657/2024/1/d77992b5b7ccb882410362c4da0d8f20/v1.5/WHO-urges-increased-cholera-vaccine-production-in-response-to-surging-cases.jpg,20240320T220000Z,Vaccines,1,None,Global
2024-03-20,New gene therapy to cost $4 . 25M the highest drug price in US,beckershospitalreview.com,https://www.beckershospitalreview.com/pharmacy/new-gene-therapy-to-cost-4-25m-the-highest-drug-price-in-us.html,English,,20240320T233000Z,Pricing/Economics,1,None,Global
2024-03-20,FDA - approved Mounjaro shortage impacts Arkansas pharmacies,thv11.com,https://www.thv11.com/article/news/local/arkansas-pharmacies-navigate-mounjaro-shortage/91-3a0b8cb5-8bfc-4443-8115-e5e9d6b1497a,English,https://media.thv11.com/assets/KTHV/images/00f8ecfb-8c37-416f-ac33-6ca822e7ed29/00f8ecfb-8c37-416f-ac33-6ca822e7ed29_1140x641.jpg,20240320T233000Z,Drug Shortage,3,None,Global
2024-03-19,Pakistan made anti - rabies vaccine Dow Rab launched,samaa.tv,https://www.samaa.tv/2087311657-pakistan-made-anti-rabies-vaccine-dow-rab-launched,English,https://www.samaa.tv/images/dow-rab-pakistan-university-vacine.jpg,20240319T191500Z,Vaccines,1,None,Global
2024-03-19,Sun Pharma gets regulatory nod in Australia for acne treatment cream,devdiscourse.com,https://www.devdiscourse.com/article/science-environment/2862588-sun-pharma-gets-regulatory-nod-in-australia-for-acne-treatment-cream,English,https://www.devdiscourse.com/remote.axd?https://devdiscourse.blob.core.windows.net/imagegallery/27_06_2019_18_29_38_8242443.jpg?&format=jpeg,20240319T050000Z,Regulatory,1,Sun Pharma,Global
2024-03-19,Sun Pharma Gets Regulatory Nod In Australia For Acne Treatment Cream,freepressjournal.in,https://www.freepressjournal.in/business/sun-pharma-gets-regulatory-nod-in-australia-for-acne-treatment-cream,English,https://media.assettype.com/freepressjournal/2024-03/073030e4-27bb-4b88-bba8-a32f6c222147/469233_sun_pharma_reuters.jpg,20240319T051500Z,Regulatory,1,Sun Pharma,Global
2024-03-17,"Non - release of N44b threatens Nigeria routine immunization exercise , Vaccine Network cries out",thenationonlineng.net,https://thenationonlineng.net/non-release-of-n44b-threatens-nigerias-routine-immunization-exercise-vaccine-network-cries-out/,English,,20240317T164500Z,Vaccines,1,None,Global
2024-03-16,HIGH COST OF DRUGS AND HEALTHCARE,thisdaylive.com,https://www.thisdaylive.com:443/index.php/2024/03/16/high-cost-of-drugs-and-healthcare,English,https://global.ariseplay.com/amg/www.thisdaylive.com/uploads/DRUGS-abuse.png,20240316T023000Z,Pricing/Economics,1,None,Global
2024-03-16,Dow University launches locally produced anti - rabies vaccine to address shortage,thenews.com.pk,https://www.thenews.com.pk/print/1169016-dow-university-launches-locally-produced-anti-rabies-vaccine-to-address-shortage,English,https://www.thenews.com.pk/assets/uploads/akhbar/2024-03-17/l_1169016_032155_updates.jpg,20240316T223000Z,Drug Shortage,3,None,Global
2024-03-15,"What behind the worldwide shortage of cholera vaccines ? For starters , theyre only made by one company",newzimbabwe.com,https://www.newzimbabwe.com/whats-behind-the-worldwide-shortage-of-cholera-vaccines-for-starters-theyre-only-made-by-one-company/,English,,20240315T014500Z,Drug Shortage,3,None,Global
2024-03-15,Medics told to ration life - saving bread - and - butter medicine used to help asthma patients breathe amid united kingdom - wide shortage,dailymail.co.uk,https://www.dailymail.co.uk/health/article-13200947/Medics-life-saving-asthma-drug-UK-shortage.html,English,https://i.dailymail.co.uk/1s/2024/03/15/11/82504719-0-image-a-30_1710502436817.jpg,20240315T133000Z,Drug Shortage,4,None,Global
2024-03-15,Joel Zinberg A Solution in Search of a Problem President Biden promise to expand drug - price controls will imperil supply and innovation .,ruthfullyyours.com,http://www.ruthfullyyours.com/2024/03/15/joel-zinberg-a-solution-in-search-of-a-problem-president-bidens-promise-to-expand-drug-price-controls-will-imperil-supply-and-innovation/,English,,20240315T133000Z,Pricing/Economics,1,None,Global
2024-03-14,Your pills were just recalled ? What you can do if there danger in medicine or food,yahoo.com,https://www.yahoo.com/news/pills-were-just-recalled-danger-121303302.html,English,https://media.zenfs.com/en/miami_herald_mcclatchy_975/49d75e2b3c612b70393a7a1d515572c4,20240314T124500Z,Product Recall/Quality,3,None,Global
2024-03-14,"Noramco Announces Strategic Alignment with Purisys and Halo Pharma , Launching the Noramco Group as an Integrated North American - Based API and Drug Product Supply Chain Services Provider",streetinsider.com,"https://www.streetinsider.com/Business+Wire/Noramco+Announces+Strategic+Alignment+with+Purisys+and+Halo+Pharma,+Launching+the+Noramco+Group+as+an+Integrated+North+American-Based+API+and+Drug+Product+Supply+Chain+Services+Provider/22929480.html",English,,20240314T114500Z,API/Manufacturing,2,None,Global
2024-03-14,National shortage of Ozempic leaves many without essential medication,kbtx.com,https://www.kbtx.com/2024/03/14/national-shortage-ozempic-leaves-many-without-essential-medication/,English,https://gray-kbtx-prod.cdn.arcpublishing.com/resizer/v2/3B6LJTTIUZHGFPTCDMQCHDSOPU.png?auth=8b5725c34f642c6bc9ae062b12a327f8c32246362413813101afd2a4396498f7&smart=true,20240314T053000Z,Drug Shortage,3,None,Global
2024-03-13,"CPHI Japan 2024 : Biologics , Tides Manufacturing Expected to Grow Rapidly",process-worldwide.com,https://www.process-worldwide.com/cphi-japan-2024-biologics-tides-manufacturing-expected-to-grow-rapidly-a-86dc7e7b22f3b5753d67ab9b6d861898/,English,https://cdn1.vogel.de/fcsyzEa6HjgczFT-8WTOOr5ByLY=/fit-in/1200x630/filters:format(png):quality(90)/p7i.vogel.de/wcms/59/13/591332ff77a0dd7fc746360611fa18c7/0117169726.jpeg,20240313T081500Z,API/Manufacturing,2,None,Japan
2024-03-13,"Chocolate recall at No Frills , Shoppers Drug Mart , Loblaws",mississauga.com,https://www.mississauga.com/news/impacted-product-national-recall-on-certain-chocolate-sold-at-no-frills-shoppers-drug-mart-loblaws/article_488d499b-b7cd-5a4e-b05d-84668f7fad18.html,English,https://bloximages.chicago2.vip.townnews.com/mississauga.com/content/tncms/assets/v3/editorial/c/98/c98d3d79-40db-52de-b073-92d161d87890/65f10111ac9d8.image.jpg?crop=1987%2C1043%2C0%2C0,20240313T053000Z,Product Recall/Quality,3,None,Global
2024-03-13,"Africa : What Behind the Worldwide Shortage of Cholera Vaccines ? for Starters , Theyre Only Made By One Company",allafrica.com,https://allafrica.com/stories/202403130042.html,English,,20240313T071500Z,Drug Shortage,3,None,Global
2024-03-13,"Chocolate recall at No Frills , Shoppers Drug Mart , Loblaws | News",toronto.com,https://www.toronto.com/news/impacted-product-national-recall-on-certain-chocolate-sold-at-no-frills-shoppers-drug-mart-loblaws/article_306d57ae-1041-5917-93db-54f2ca93b418.html,English,https://bloximages.newyork1.vip.townnews.com/toronto.com/content/tncms/assets/v3/editorial/b/e7/be78672c-4cda-5901-ac08-13450f576d96/65f1011269046.image.jpg?crop=1987%2C1043%2C0%2C0,20240313T021500Z,Product Recall/Quality,3,None,Global
2024-03-13,No End in Sight for National ADHD Drug Shortage,webmd.com,https://www.webmd.com/add-adhd/news/20240312/cm/national-adhd-drug-shortage-continues,English,https://img.lb.wbmdstatic.com/vim/live/webmd/consumer_assets/site_images/article_thumbnails/BigBead/adhd_preschoolers_bigbead/1800x1200_adhd_bigbead.jpg,20240313T214500Z,Drug Shortage,3,None,Global
2024-03-13,Netherlands still struggling with shortage of antibiotics for children,nltimes.nl,https://nltimes.nl/2024/03/13/netherlands-still-struggling-shortage-antibiotics-children,English,https://nltimes.nl/sites/nltimes.nl/files/styles/news_article_full/public/2020/03/depositphotos_82006754_l-2015.jpg?d0ca2e,20240313T101500Z,Drug Shortage,3,None,Global
2024-03-12,SKYROCKETING DRUG COSTS : BEFORE TINUBU EXECUTIVE ORDER,thisdaylive.com,https://www.thisdaylive.com/index.php/2024/03/12/skyrocketing-drug-costs-before-tinubus-executive-order,English,https://global.ariseplay.com/amg/www.thisdaylive.com/uploads/TINUBU-PIX-3-1.jpg,20240312T010000Z,Pricing/Economics,1,None,Global
2024-03-12,"Biologics Contract Development And Manufacturing Organization ( CDMO ) Market to grow by USD 10 . 63 billion , The availability of cost - efficient resources to boost market growth , Technavio",prnewswire.com,https://www.prnewswire.com/news-releases/biologics-contract-development-and-manufacturing-organization-cdmo-market-to-grow-by-usd-10-63-billion-the-availability-of-cost-efficient-resources-to-boost-market-growth-technavio-302086172.html,English,,20240312T050000Z,Pricing/Economics,1,None,Global
2024-03-11,"Syphilis drug shortage persists , expected to end in Q4",beckershospitalreview.com,https://www.beckershospitalreview.com/pharmacy/syphilis-drug-shortage-persists-expected-to-end-in-q4.html,English,,20240311T184500Z,Drug Shortage,3,None,Global
2024-03-11,PrEP Shortage in Germany Creates Price vs . Safety Dilemma,bloomberg.com,https://www.bloomberg.com/news/articles/2024-03-11/prep-shortage-in-germany-creates-price-vs-safety-dilemma,English,https://assets.bwbx.io/images/users/iqjWHBFdfxIU/ih1MosPLQ41E/v0/1200x800.jpg,20240311T070000Z,Drug Shortage,3,None,Germany
2024-03-10,"Sun Pharma recalls 55 , 000 bottles of generic drug from US market due to manufacturing norms violation",dailyexcelsior.com,https://www.dailyexcelsior.com/sun-pharma-recalls-55000-bottles-of-generic-drug-from-us-market-due-to-manufacturing-norms-violation/,English,https://cdndailyexcelsior.b-cdn.net/wp-content/uploads/2024/03/sun.jpg,20240310T193000Z,Product Recall/Quality,3,Sun Pharma,Global
2024-03-10,"Why Sun Pharma is recalling 55 , 000 bottles of generic gout medication from US ?",hindustantimes.com,https://www.hindustantimes.com/business/why-sun-pharma-is-recalling-55-000-bottles-of-generic-gout-medication-from-us-101710049513715.html,English,https://www.hindustantimes.com/ht-img/img/2024/03/10/1600x900/sun_pharma_1710049657471_1710049657655.JPG,20240310T084500Z,Product Recall/Quality,3,Sun Pharma,Global
2024-03-10,"Sun Pharma recalls 55 , 000 bottles of generic drug from US market ; here why",businesstoday.in,https://www.businesstoday.in/latest/corporate/story/sun-pharma-recalls-55000-bottles-of-generic-drug-from-us-market-heres-why-420836-2024-03-10,English,https://akm-img-a-in.tosshub.com/businesstoday/images/story/202403/65edaa78cf55e-sun-pharmaceutical-industries-inc-is-recalling-47-520-bottles-40mg-and-7-488-bottles-80-mg-resp-104127384-16x9.jpg,20240310T143000Z,Product Recall/Quality,3,Sun Pharma,Global
2024-03-07,Recall Alert – NBC Los Angeles,nbclosangeles.com,https://www.nbclosangeles.com/news/consumer/recall-alert/,English,,20240307T210000Z,Product Recall/Quality,3,None,Global
2024-03-07,Federal Regulators Examine The Role Of Drug Supply Middlemen On Drug Shortages - Healthcare,mondaq.com,https://www.mondaq.com/unitedstates/healthcare/1432428/federal-regulators-examine-the-role-of-drug-supply-middlemen-on-drug-shortages,English,,20240307T094500Z,Drug Shortage,3,None,Global
2024-03-07,HIMSS24 preview : combating counterfeit drugs in a health system,mobihealthnews.com,https://www.mobihealthnews.com/news/himss24-preview-combating-counterfeit-drugs-health-system,English,https://www.mobihealthnews.com/sites/default/files/1160710758_0.jpg,20240307T211500Z,Counterfeit/Quality Crisis,3,None,Global
2024-03-03,How To Cut The Gordian Knot Of Drug Shortages ?,forbes.com,https://www.forbes.com/sites/gebai/2024/03/03/how-to-cut-the-gordian-knot-of-drug-shortages/,English,https://imageio.forbes.com/specials-images/imageserve/65da88236fb580bc2a519a13/0x0.jpg?format=jpg&fit=bounds,20240303T133000Z,Drug Shortage,3,None,Global
2024-03-03,Guaranteed Future Pain and Suffering : The Recent Research on Drug Price Controls,heritage.org,https://www.heritage.org/health-care-reform/report/guaranteed-future-pain-and-suffering-the-recent-research-drug-price,English,https://www.heritage.org/themes/heritage/src/images/bell.png,20240303T001500Z,Pricing/Economics,1,None,Global
2024-03-01,Recalled Eye Drops Sold In Arizona Pose Heightened Risk Of Harm,hot983.iheart.com,https://hot983.iheart.com/content/2024-02-29-recalled-eye-drops-sold-in-arizona-pose-heightened-risk-of-harm/,English,"https://i.iheart.com/v3/re/new_assets/65171246c27a0026e4eccd57?ops=gravity(%22north%22),fit(1200,675),quality(65)",20240301T004500Z,Product Recall/Quality,3,None,Global
2024-03-01,CDC preparing for possible shortage of tetanus vaccines,10news.com,https://www.10news.com/cdc-preparing-for-possible-shortage-of-tetanus-vaccines,English,https://cdn.scrippsnews.com/images/videos/x/1709249115_KlLUGF.jpg,20240301T013000Z,Drug Shortage,3,None,Global
2024-02-29,Recalled Eye Drops Sold In North Carolina Pose Heightened Risk Of Harm,99kisscountry.iheart.com,https://99kisscountry.iheart.com/content/2024-02-28-recalled-eye-drops-sold-in-north-carolina-pose-heightened-risk-of-harm/,English,"https://i.iheart.com/v3/re/new_assets/65dfaca722db069883af19c9?ops=gravity(%22north%22),fit(1200,675),quality(65)",20240229T004500Z,Product Recall/Quality,3,None,Global
2024-02-29,Recalled Eye Drops Sold In Tennessee Pose Heightened Risk Of Harm,hallelujahfm.iheart.com,https://hallelujahfm.iheart.com/content/2024-02-28-recalled-eye-drops-sold-in-tennessee-pose-heightened-risk-of-harm/,English,"https://i.iheart.com/v3/re/new_assets/65dfab56b51ef90e981b2d12?ops=gravity(%22north%22),fit(1200,675),quality(65)",20240229T013000Z,Product Recall/Quality,3,None,Global
2024-02-29,Recalled Eye Drops Sold In Ohio Pose Heightened Risk Of Harm,kisscincinnati.iheart.com,https://kisscincinnati.iheart.com/content/2024-02-28-recalled-eye-drops-sold-in-ohio-pose-heightened-risk-of-harm/,English,"https://i.iheart.com/v3/re/new_assets/65dfaa7947e15488e8fa625a?ops=gravity(%22north%22),fit(1200,675),quality(65)",20240229T010000Z,Product Recall/Quality,3,None,Global
2024-02-29,"Diabetes , BP drugs to cost less as NPPA fixes retail prices of 69 formulations",moneycontrol.com,https://www.moneycontrol.com/news/business/stocks/diabetes-bp-drugs-to-cost-less-as-nppa-fixes-retail-prices-of-69-formulations-12374891.html,English,https://images.moneycontrol.com/static-mcnews/2021/12/Medicine-box-770x433.jpg,20240229T054500Z,Pricing/Economics,1,None,Global
2024-02-29,Recalled Eye Drops Sold In South Carolina Pose Heightened Risk Of Harm,943wsc.iheart.com,https://943wsc.iheart.com/content/2024-02-28-recalled-eye-drops-sold-in-south-carolina-pose-heightened-risk-of-harm/,English,"https://i.iheart.com/v3/re/new_assets/65dfad176b5fdcfe3bbfc3b2?ops=gravity(%22north%22),fit(1200,675),quality(65)",20240229T021500Z,Product Recall/Quality,3,None,Global
2024-02-29,Recalled Eye Drops Sold In Missouri Pose Heightened Risk Of Harm,z1077.iheart.com,https://z1077.iheart.com/content/2024-02-28-recalled-eye-drops-sold-in-missouri-pose-heightened-risk-of-harm/,English,"https://i.iheart.com/v3/re/new_assets/65dfac3af906bdcf95bd3261?ops=gravity(%22north%22),fit(1200,675),quality(65)",20240229T024500Z,Product Recall/Quality,3,None,Global
2024-02-29,CDC Warns of Possible Shortage of Tetanus Vaccine,healthday.com,https://www.healthday.com/health-news/infectious-disease/cdc-warns-of-possible-shortage-of-tetanus-vaccine,English,https://media.assettype.com/healthday%2Fimport%2F27240396%2Forigin.jpg?&ar=40%3A21&auto=format%2Ccompress&ogImage=true&mode=crop&enlarge=true&overlay=false&overlay_position=bottom&overlay_width=100,20240229T164500Z,Drug Shortage,3,None,Global
2024-02-29,"CDC braces for shortage after tetanus shot discontinued , issues new guidance",cbsnews.com,https://www.cbsnews.com/colorado/news/cdc-braces-for-shortage-after-tetanus-shot-discontinued-issues-new-guidance/,English,,20240229T000000Z,Drug Shortage,3,None,Global
2024-02-29,Recalled Eye Drops Sold In Wisconsin Pose Heightened Risk Of Harm,v100.iheart.com,https://v100.iheart.com/content/2024-02-28-recalled-eye-drops-sold-in-wisconsin-pose-heightened-risk-of-harm/,English,"https://i.iheart.com/v3/re/new_assets/65dfabc38df0831a310f528f?ops=gravity(%22north%22),fit(1200,675),quality(65)",20240229T004500Z,Product Recall/Quality,3,None,Global
2024-02-29,Recalled Eye Drops Sold In Georgia Pose Heightened Risk Of Harm | 97 . 3 and 103 . 3 The Bull ICONS,973thebullicons.iheart.com,https://973thebullicons.iheart.com/content/2024-02-28-recalled-eye-drops-sold-in-georgia-pose-heightened-risk-of-harm/,English,"https://i.iheart.com/v3/re/new_assets/65df962b94fbe22664bec4c0?ops=gravity(%22north%22),fit(1200,675),quality(65)",20240229T011500Z,Product Recall/Quality,3,None,Global
2024-02-29,Recalled Eye Drops Sold In North Carolina Pose Heightened Risk Of Harm | Rock 105 . 1,1051rocks.iheart.com,https://1051rocks.iheart.com/content/2024-02-28-recalled-eye-drops-sold-in-north-carolina-pose-heightened-risk-of-harm/,English,"https://i.iheart.com/v3/re/new_assets/65dfaca722db069883af19c9?ops=gravity(%22north%22),fit(1200,675),quality(65)",20240229T014500Z,Product Recall/Quality,3,None,Global
2024-02-29,Recalled Eye Drops Sold In Georgia Pose Heightened Risk Of Harm | 99 . 7,1230wsok.iheart.com,https://1230wsok.iheart.com/content/2024-02-28-recalled-eye-drops-sold-in-georgia-pose-heightened-risk-of-harm/,English,"https://i.iheart.com/v3/re/new_assets/65df962b94fbe22664bec4c0?ops=gravity(%22north%22),fit(1200,675),quality(65)",20240229T011500Z,Product Recall/Quality,3,None,Global
2024-02-29,Recalled Eye Drops Sold In Georgia Pose Heightened Risk Of Harm,941thebeat.iheart.com,https://941thebeat.iheart.com/content/2024-02-28-recalled-eye-drops-sold-in-georgia-pose-heightened-risk-of-harm/,English,"https://i.iheart.com/v3/re/new_assets/65df962b94fbe22664bec4c0?ops=gravity(%22north%22),fit(1200,675),quality(65)",20240229T010000Z,Product Recall/Quality,3,None,Global
2024-02-28,Telangana : Drugs Control Administration seize overpriced drugs in Nizamabad district,aninews.in,https://www.aninews.in/news/national/general-news/telangana-drugs-control-administration-seize-overpriced-drugs-in-nizamabad-district20240228062454/,English,https://d3lzcn6mbbadaf.cloudfront.net/media/details/ANI-20240228005445.jpg,20240228T021500Z,Pricing/Economics,1,None,Global
2024-02-28,Eye ointments sold at CVS and Walmart recalled,nbcnews.com,https://www.nbcnews.com/health/health-news/eye-ointment-cvs-walmart-recalled-rcna140776,English,"https://media-cldnry.s-nbcnews.com/image/upload/t_nbcnews-fp-1200-630,f_auto,q_auto:best/rockcms/2024-02/240227-equate-ointment-stye-vl-417p-7e7e40.jpg",20240228T013000Z,Product Recall/Quality,3,None,Global
2024-02-28,Health workers welcome to reapply amid vaccine ruling,illawarramercury.com.au,https://www.illawarramercury.com.au/story/8539140/health-workers-welcome-to-reapply-amid-vaccine-ruling/,English,https://www.illawarramercury.com.au/images/transform/v1/crop/frm/silverstone-feed-data/5d1312d4-6a35-4d5d-b060-69f9ad95d3b0.jpg/r0_90_800_510_w1200_h630_fmax.jpg,20240228T103000Z,Vaccines,1,None,Global
2024-02-28,Hardship : Nigerian Govt to issue Executive Order to check escalating increase in drug prices,dailypost.ng,https://dailypost.ng/2024/02/28/hardship-nigerian-govt-to-issue-executive-order-to-check-escalating-increase-in-drug-prices/,English,https://dailypost.ng/wp-content/uploads/2022/09/fg.jpg,20240228T164500Z,Pricing/Economics,1,None,Global
2024-02-28,FG to sign executive order to curb rising drug prices,punchng.com,https://punchng.com/fg-to-sign-executive-order-to-curb-rising-drug-prices/,English,https://cdn.punchng.com/wp-content/uploads/2023/02/13173528/Muhammad-Pate.jpeg,20240228T164500Z,Pricing/Economics,1,None,Global
2024-02-28,"Popular eye ointments may not be sterile , recall warns",cnn.com,https://www.cnn.com/2024/02/28/business/eye-ointments-sterile-recall-fda/,English,"https://media.cnn.com/api/v1/images/stellar/prod/20240228-eye-lubricant-recall.jpg?c=16x9&q=w_800,c_fill",20240228T230000Z,Product Recall/Quality,3,None,Global
2024-02-27,Eye Ointments Recalled Nationwide Over Infection Fears,newsweek.com,https://www.newsweek.com/eye-ointment-fda-drug-recall-infection-concern-sterile-1873865,English,https://d.newsweek.com/en/full/2354481/eye-ointment.jpg,20240227T160000Z,Product Recall/Quality,3,None,Global
2024-02-27,"Green shoots in Indian pharma sector : US generics , specialty drugs drive recovery , says HDFC Securities",businesstoday.in,https://www.businesstoday.in/industry/pharma/story/green-shoots-in-indian-pharma-sector-us-generics-specialty-drugs-drive-recovery-says-hdfc-securities-419055-2024-02-27,English,https://akm-img-a-in.tosshub.com/businesstoday/images/story/202402/65dd61f333162-green-shoots-in-indian-pharma-sector-us-generics--specialty-drugs-drive-recovery--says-hdfc-securit-271545948-16x9.jpg,20240227T053000Z,Patents/Generics,2,None,India
2024-02-27,DEA Shuts Down New York Drug Factory Even as Adderall Shortage Persists,reason.com,https://reason.com/2024/02/26/dea-shuts-down-drug-factory-even-as-adderall-shortage-persists/,English,https://d2eehagpk5cl65.cloudfront.net/img/q60/uploads/2024/02/dreamstime_l_248141847-scaled.jpg,20240227T020000Z,Drug Shortage,3,None,Global
2024-02-27,Global cholera vaccine stockpile runs empty as 16 countries report outbreaks - World,reliefweb.int,https://reliefweb.int/report/world/global-cholera-vaccine-stockpile-runs-empty-16-countries-report-outbreaks,English,https://reliefweb.int/sites/default/files/styles/large/public/images/reports/6b/78/6b78fb69-f65c-41bb-a976-47847c9e8f29.jpg,20240227T014500Z,Vaccines,1,None,Global
2024-02-27,Federal Regulators Examine the Role of Drug Supply Middlemen on Drug Shortages | Foley Hoag LLP,jdsupra.com,https://www.jdsupra.com/legalnews/federal-regulators-examine-the-role-of-9834290/,English,https://jdsupra-static.s3.amazonaws.com/profile-images/og.1591_3218.jpg,20240227T224500Z,Drug Shortage,3,None,Global
2024-02-26,"Keeping it Cool : KSA Cold Chain Market Booms at 8 . 4 % CAGR , Fueled by Food Security , Pharma Growth , and Tech Innovation : Ken Research",prnewswire.co.uk,https://www.prnewswire.co.uk/news-releases/keeping-it-cool-ksa-cold-chain-market-booms-at-8-4-cagr-fueled-by-food-security-pharma-growth-and-tech-innovation-ken-research-302070822.html,English,,20240226T084500Z,Cold Chain/Logistics,2,None,Global
2024-02-26,DEA Shuts Down Drug Factory Even as Adderall Shortage Persists,news.yahoo.com,https://news.yahoo.com/dea-shuts-down-drug-factory-212040745.html,English,https://s.yimg.com/ny/api/res/1.2/Nc6HMa5nwqx2ozILzmQ1mg--/YXBwaWQ9aGlnaGxhbmRlcjt3PTEyMDA7aD02NzU-/https://media.zenfs.com/en/reason_com_245/ec4d7d3ae1742c6783cde92dde740da5,20240226T223000Z,Drug Shortage,3,None,Global
2024-02-25,"Sun Pharma , Lupin , Alkem recall products from US market",moneycontrol.com,https://www.moneycontrol.com/news/trends/health/sun-pharma-lupin-alkem-recall-products-from-the-us-market-12346181.html,English,https://images.moneycontrol.com/static-mcnews/2023/05/pharma_tablet_injection_capsule-770x433.jpg,20240225T154500Z,Product Recall/Quality,3,"Sun Pharma, Lupin",Global
2024-02-24,FDA Authorized Florida Drug Importation Plan . Naysayers Are Balking .,medpagetoday.com,https://www.medpagetoday.com/opinion/second-opinions/108882,English,https://assets.medpagetoday.net/media/images/108xxx/108882.jpg,20240224T190000Z,Trade/Geopolitics,1,None,Global
2024-02-23,PSAC cites Marcos admin quick win in addressing nurse shortage,pna.gov.ph,https://www.pna.gov.ph/articles/1219401,English,https://files01.pna.gov.ph/ograph/2024/02/23/d50326a2-ee76-4884-8be2-95599af378d9.jpeg,20240223T071500Z,Drug Shortage,3,None,Global
2024-02-22,Hike in prices of 146 essential drugs notified - Business Recorder,brecorder.com,https://www.brecorder.com/news/40290113/hike-in-prices-of-146-essential-drugs-notified,English,,20240222T040000Z,Pricing/Economics,1,None,Global
2024-02-22,Drugs shortage sees France restart local production and target antibiotics use,modernghana.com,https://www.modernghana.com/news/1294439/drugs-shortage-sees-france-restart-local-productio.html,English,https://cdn.modernghana.com/images/content/222202413610-osjvm0x442-000336k46b.jpg,20240222T150000Z,Drug Shortage,3,None,France
2024-02-22,LHC strikes down notification of life - saving medicines price hike,samaa.tv,https://www.samaa.tv/2087310152-lhc-strikes-down-notification-of-life-saving-medicines-price-hike,English,https://www.samaa.tv/images/medicines.jpg,20240222T080000Z,Pricing/Economics,1,None,Global
2024-02-21,Higher raw material imports signal end of pharma sector slump,thedailystar.net,https://www.thedailystar.net/business/economy/news/higher-raw-material-imports-signal-end-pharma-sectors-slump-3548926,English,,20240221T011500Z,API/Manufacturing,2,None,Global
2024-02-21,Govt jacks up prices of 146 life - saving medicines,samaa.tv,https://www.samaa.tv/2087310110-govt-jacks-up-prices-of-146-life-saving-medicines,English,https://www.samaa.tv/images/medicines.jpg,20240221T133000Z,Pricing/Economics,1,None,Global
2024-02-21,House Dems press drug companies on nationwide shortages,news.yahoo.com,https://news.yahoo.com/house-dems-press-drug-companies-221125950.html,English,https://media.zenfs.com/en/the_hill_articles_341/fe5940c0fc8f38dcf49dc3e90d65cea9,20240221T233000Z,Drug Shortage,3,None,Global
2024-02-21,Pakistan increases prices of 146 life - saving drugs,pakobserver.net,https://pakobserver.net/pakistan-increases-prices-of-146-life-saving-drugs/,English,https://pakobserver.net/wp-content/uploads/2023/11/drugs.jpg,20240221T194500Z,Pricing/Economics,1,None,Global
2024-02-20,"Food supply chain thefts rise in 2023 , as price increases and inflation continue to have significant effect",prnewswire.com,https://www.prnewswire.com/news-releases/food-supply-chain-thefts-rise-in-2023-as-price-increases-and-inflation-continue-to-have-significant-effect-302065285.html,English,,20240220T113000Z,Pricing/Economics,1,None,Global
2024-02-20,More medicines added to shortage list with 100 drugs now in short supply,birminghammail.co.uk,https://www.birminghammail.co.uk/news/midlands-news/more-medicines-added-shortage-list-28670406,English,https://i2-prod.birminghammail.co.uk/news/midlands-news/article28670545.ece/ALTERNATES/s1200/0_nhs1.jpg,20240220T171500Z,Drug Shortage,3,None,Global
2024-02-20,Senator Chuck Schumer pushes plan to fight the RSV vaccine shortage,13wham.com,https://13wham.com/news/local/chuck-schumer-rsv-vaccine-shortage-fda-drug-kids-infants,English,https://13wham.com/resources/media/c2532678-f802-44aa-8317-f9bbd2194c97-large16x9_NACRSVVACCINATION_0001_frame_28323.jpeg,20240220T003000Z,Drug Shortage,3,None,Global
2024-02-20,How to combat the downside of rapid weight loss miracle drugs,thetimes.co.uk,https://www.thetimes.co.uk/article/how-to-combat-the-downside-of-rapid-weight-loss-miracle-drugs-832w0mpk5,English,https://www.thetimes.co.uk/imageserver/image/%2Fmethode%2Ftimes%2Fprod%2Fweb%2Fbin%2Faf7e2f17-42cf-4d13-9699-8683c63b6efd.jpg?crop=1600%2C900%2C0%2C0,20240220T010000Z,API/Manufacturing,2,None,Global
2024-02-20,Dengue Fever : Brazil Struggles to Get Enough of the Qdenga Vaccine,bloomberg.com,https://www.bloomberg.com/news/newsletters/2024-02-20/dengue-fever-brazil-struggles-to-get-enough-of-the-qdenga-vaccine,English,https://assets.bwbx.io/images/users/iIyChnKQ1lHc/iZUer9YCQj64/v1/1200x800.jpg,20240220T113000Z,Vaccines,1,None,Global
2024-02-19,Yaz and Climara added to Cost Plus Drugs : Shots,npr.org,https://www.npr.org/sections/health-shots/2024/02/19/1232541459/yaz-climara-cost-plus-drugs,English,https://media.npr.org/assets/img/2024/02/19/gettyimages-1296752665_wide-01b65710cb7d9b4c8a2a673c1b3abb1a563c7ee5-s1400-c100.jpg,20240219T231500Z,Pricing/Economics,1,None,Global
2024-02-18,"Manufacturers and importers urged to cease supply of medicines to Niger street , Sabon Gari market , Kano",nairametrics.com,https://nairametrics.com/2024/02/18/manufacturers-and-importers-urged-to-cease-supply-of-medicines-to-niger-street-sabon-gari-market-kano/,English,https://nairametrics.com/wp-content/uploads/2023/11/NAFDAC.png,20240218T124500Z,Trade/Geopolitics,1,None,Global
2024-02-16,"Aiming to End Drug Shortages , FTC and HHS Seek Info on Opaque Drug Middlemen",cancertherapyadvisor.com,https://www.cancertherapyadvisor.com/home/cancer-topics/general-oncology/drug-shortages-ftc-hhs-seek-info-opaque-drug-middlemen/,English,https://www.cancertherapyadvisor.com/wp-content/uploads/sites/12/2024/01/CTA_1200x675.png,20240216T203000Z,Drug Shortage,3,None,Global
2024-02-16,Nigeria tightens API sourcing norms for finished pharma products,thehindu.com,https://www.thehindu.com/business/nigeria-tightens-api-sourcing-norms-for-finished-pharma-products/article67850278.ece,English,https://www.thehindu.com/theme/images/og-image.png,20240216T013000Z,API/Manufacturing,2,None,Global
2024-02-16,Cholera Vaccine Shortage Hits Southern And Eastern Africa,menafn.com,https://menafn.com/1107862733/Cholera-Vaccine-Shortage-Hits-Southern-And-Eastern-Africa,English,,20240216T224500Z,Drug Shortage,3,None,Global
2024-02-16,Cholera Vaccine Shortage Hits Southern and Eastern Africa,riotimesonline.com,https://www.riotimesonline.com/cholera-vaccine-shortage-hits-southern-and-eastern-africa/,English,https://www.riotimesonline.com/wp-content/uploads/2024/02/Cholera-malawi-scaled.webp,20240216T190000Z,Drug Shortage,3,None,Global
2024-02-15,"Chinese Couple Pleads Guilty to Stealing mRNA Vaccine Info , Smuggling Biological Materials : DOJ",theepochtimes.com,https://www.theepochtimes.com/china/chinese-couple-pleads-guilty-to-stealing-mrna-vaccine-info-smuggling-biological-materials-doj-4484944,English,,20240215T223000Z,Vaccines,1,None,Global
2024-02-15,U . S . Probes Role of Supply Chain Middlemen in Generic Shortages,medpagetoday.com,https://www.medpagetoday.com/washington-watch/washington-watch/108759,English,https://assets.medpagetoday.net/media/images/108xxx/108759.jpg,20240215T183000Z,Drug Shortage,3,None,Global
2024-02-15,California patients in pain amid prescription opioid shortage,kcra.com,https://www.kcra.com/article/california-patients-in-pain-prescription-opioid-shortage-investigation/46757114,English,"https://kubrick.htvapps.com/vidthumb/c9ca0cf1-c910-46f7-921d-25c908356f4b/9345f447-3571-46ad-b265-9c916f5cfd47.jpg?crop=0.786xw:0.786xh;0.0946xw,0",20240215T031500Z,Drug Shortage,4,None,Global
2024-02-15,US health agencies launch probe into generic drug shortages that are endangering Americans - as doctors reveal theyre forced to choose who lives and who dies,dailymail.co.uk,https://www.dailymail.co.uk/health/article-13088021/US-health-agencies-launch-probe-generic-drug-shortages-endangering-Americans-doctors-reveal-theyre-forced-choose-lives-dies.html,English,https://i.dailymail.co.uk/1s/2024/02/15/15/79658071-0-image-a-9_1708010056377.jpg,20240215T180000Z,Drug Shortage,3,None,Global
2024-02-15,"Goods exports fell 6pc to €197bn last year , CSO says , on back of computer and pharma dip",independent.ie,https://www.independent.ie/business/irish/goods-exports-fell-6pc-to-197bn-last-year-cso-says-on-back-of-computer-and-pharma-dip/a514598834.html,English,https://focus.independent.ie/thumbor/6ylYw9vw9Twrp2zIdfwZbm85HTY=/629x460/smart/prod-mh-ireland/94896669-2799-4f27-9159-7da9fcaf9013/73fa91b4-3075-4573-a129-5d047af123be/94896669-2799-4f27-9159-7da9fcaf9013.jpg,20240215T174500Z,Trade/Geopolitics,1,None,Global
2024-02-14,FTC probing drug middlemen over generic shortages at hospitals,nypost.com,https://nypost.com/2024/02/14/business/ftc-probing-drug-middlemen-over-generic-shortages-at-hospitals/,English,https://nypost.com/wp-content/uploads/sites/2/2024/02/ftc-drug-probe.jpg?quality=75&strip=all&1707908550,20240214T164500Z,Drug Shortage,4,None,Global
2024-02-14,Pharma middlemen face govt . scrutiny over drug shortages,seekingalpha.com,https://seekingalpha.com/news/4066825-pharma-middlemen-face-govt-scrutiny-drug-shortages,English,https://media.gettyimages.com/id/1328480971/photo/empty-blister-pack-of-the-pills-abstract-background-image.jpg?b=1&s=170667a&k=20&c=ckpy4FZqlF7FigvEOe6wNSVlZaPO6k7fGRnqEJjFWG0=,20240214T154500Z,Drug Shortage,3,None,Global
2024-02-14,The effort to tackle prescription drug prices in New York State,wkbw.com,https://www.wkbw.com/news/local-news/the-effort-to-tackle-prescription-drug-prices-in-new-york-state,English,https://x-default-stgec.uplynk.com/ause/slices/d09/1020d6d1597347248f5d62c059a4c7e3/d093a947f7634d8c9dccf1beb3d48664/poster_993a8b964acd44c29c9872d32db04883.png,20240214T010000Z,Pricing/Economics,1,None,Global
2024-02-14,HHS and FTC team up to target pharmaceutical middlemen for drug shortages,washingtonexaminer.com,https://www.washingtonexaminer.com/news/2856490/hhs-ftc-team-up-target-middle-men-drug-shortages/,English,,20240214T224500Z,Drug Shortage,3,None,Global
2024-02-14,FTC Examining Shortages of Cancer Treatments and Other Drugs,bnnbloomberg.ca,https://www.bnnbloomberg.ca/ftc-examining-shortages-of-cancer-treatments-and-other-drugs-1.2034816,English,http://www.bnnbloomberg.ca/polopoly_fs/1.2034817!/fileimage/httpImage/image.jpg_gen/derivatives/landscape_620/federal-trade-commission-headquarters-in-washington-dc.jpg,20240214T164500Z,Drug Shortage,3,None,Global
2024-02-14,"Deadly listeria outbreak prompts dairy product recall at Costco , Walmart and others",nypost.com,https://nypost.com/2024/02/13/news/deadly-listeria-outbreak-prompts-dairy-product-recall-at-costco-walmart-and-others/,English,https://nypost.com/wp-content/uploads/sites/2/2024/02/dairy-products-sold-costco-major-76474134.jpg?quality=75&strip=all,20240214T020000Z,Product Recall/Quality,3,None,Global
2024-02-12,"More salads recalled at No Frills , Food Basics , other stores | News",toronto.com,https://www.toronto.com/news/throw-them-away-more-salads-sold-at-no-frills-food-basics-metro-loblaws-shoppers-drug/article_fac59a18-d5c1-5a08-aaab-7016d2f57a8e.html,English,https://bloximages.newyork1.vip.townnews.com/toronto.com/content/tncms/assets/v3/editorial/1/85/1851fcf9-83ab-50e3-a402-98d48337e45b/65ca910496453.image.jpg?crop=1763%2C926%2C0%2C125,20240212T231500Z,Product Recall/Quality,3,None,Global
2024-02-11,"Posts sanctioned to the CDSCO increased , among measures to ensure medicine quality , says MoS Health Bharati Pawar",thehindubusinessline.com,https://www.thehindubusinessline.com/news/national/posts-sanctioned-to-cdsco-increased-among-measures-to-ensure-medicine-quality-says-mos-health-bharati-pawar/article67832365.ece,English,https://bl-i.thgim.com/public/todays-paper/tp-others/tp-variety/2nbnjf/article54348847.ece/alternates/LANDSCAPE_1200/bl15-ndmpi-remdG767GJ3KG3jpgjpg,20240211T084500Z,Regulatory,1,None,Global
2024-02-09,"As cancer drug shortages persist , ASCO official urges congressional action at hearing",fiercepharma.com,https://www.fiercepharma.com/pharma/oncology-drug-shortage-crisis-enters-its-second-year-asco-urges-congressional-action-hearing,English,https://qtxasset.com/quartz/qcloud5/media/image/GettyImages-637189564%20%282%29.jpg?VersionId=HcEbagt.YOtkQVRw3roQO3uc2EWN6NJf,20240209T173000Z,Drug Shortage,3,None,Global
2024-02-08,"Bladder Cancer Drug Combo Does Not Improve Survival , Shortage Ensues",curetoday.com,https://www.curetoday.com/view/bladder-cancer-drug-combo-does-not-improve-survival-shortage-ensues,English,https://cdn.sanity.io/images/0vv8moc6/curetoday/959be663e2d08569900bb322d79a74113530defb-660x363.jpg?fit=crop&auto=format,20240208T234500Z,Drug Shortage,3,None,Global
2024-02-08,"Salad recall at No Frills , Shoppers Drug Mart , other stores",niagarafallsreview.ca,https://www.niagarafallsreview.ca/news/do-not-eat-national-recall-on-certain-salads-sold-at-no-frills-shoppers-drug-mart/article_1568705f-c76d-5691-80e6-e4cc3e795168.html,English,https://bloximages.chicago2.vip.townnews.com/niagarafallsreview.ca/content/tncms/assets/v3/editorial/4/14/4147d73f-a700-5ada-b00f-fa5638f4f8ba/65c42448d20fc.image.jpg?crop=949%2C498%2C50%2C0,20240208T024500Z,Product Recall/Quality,3,None,Global
2024-02-08,Qui terapie su misura . Siamo tornati al passato,ilgiorno.it,https://www.ilgiorno.it/monza-brianza/cronaca/qui-terapie-su-misura-siamo-tornati-al-passato-7e96c51f,Italian,https://www.ilgiorno.it/image-service/version/c:ZWY0ZjJkYmUtN2RiOS00:YjhhMjZm/qui-terapie-su-misura-siamo-tornati-al-passato.jpeg?f=16:9,20240208T103000Z,API/Manufacturing,2,None,Global
2024-02-07,"Drug shortages may mean difference between life and death for some US patients , experts say",localnews8.com,https://localnews8.com/health/cnn-health/2024/02/06/drug-shortages-may-mean-difference-between-life-and-death-for-some-us-patients-experts-say/,English,https://localnews8.b-cdn.net/2024/02/cnn-L19jb21wb25lbnRzL2ltYWdlL2luc3RhbmNlcy9jbHNhdnlhcWwwMDE4MjlxZDFtY2Exenow-L19jb21wb25lbnRzL2FydGljbGUvaW5zdGFuY2VzL2Nsc2F2eWFxbDAwMWQyOXFkMm91MGZvbHY-scaled.jpg,20240207T054500Z,Drug Shortage,4,None,Global
2024-02-07,"Prevent drug shortages , save hospitals $550M : AHA",beckershospitalreview.com,https://www.beckershospitalreview.com/pharmacy/prevent-drug-shortages-save-hospitals-550m-aha.html,English,,20240207T160000Z,Drug Shortage,4,None,Global
2024-02-07,Medical experts warn Congress about impact of drug shortages on patients,news.yahoo.com,https://news.yahoo.com/medical-experts-warn-congress-impact-212056148.html,English,https://media.zenfs.com/en/wjax_cox_articles_158/51da1e2b664822226a82cb14d4ec1918,20240207T221500Z,Drug Shortage,4,None,Global
2024-02-07,Experts urge Congress to combat U . S . drug shortage by requiring transparency,upi.com,https://www.upi.com/Health_News/2024/02/06/congress-drug-shortages-hearing/3981707254825/,English,https://cdnph.upi.com/sv/ph/og/upi/3981707254825/2024/1/e5ff4bc64d822c9b64bb6926c376ca19/v1.5/Experts-urge-Congress-to-combat-US-drug-shortage-by-requiring-transparency.jpg,20240207T001500Z,Drug Shortage,3,None,Global
2024-02-07,Sağlık turizmine sıkı denetim geliyor ! Merdiven altı işletme sahibine 3 yıla kadar hapis,turkiyegazetesi.com.tr,https://www.turkiyegazetesi.com.tr/ekonomi/saglik-turizmine-siki-denetim-geliyor-merdiven-alti-isletme-sahibine-3-yila-1019701,Turkish,https://icdn.turkiyegazetesi.com.tr/crop/1600x900/images/24-02/07/saglik-turizmine-siki-denetim-geliyor-merdiven-alti-isletme-sahibine-3-yila-kadar-hapis-17072632861706.jpg,20240207T011500Z,API/Manufacturing,2,None,Global
2024-02-06,Frustrations grow as ADHD medication shortage continues,nbcnews.com,https://www.nbcnews.com/health/health-news/adhd-drug-shortage-adderall-ritalin-focalin-vyvanse-rcna137356,English,"https://media-cldnry.s-nbcnews.com/image/upload/t_nbcnews-fp-1200-630,f_auto,q_auto:best/rockcms/2024-02/240206-adderall-se-1212p-ab7b1f.jpg",20240206T234500Z,Drug Shortage,3,None,Global
2024-02-06,GUEST VIEWPOINT : Blame Washington for drug shortages,daily-journal.com,https://www.daily-journal.com/opinion/guest-viewpoint-blame-washington-for-drug-shortages/article_d2b29d7c-c3a7-11ee-833e-aba16a65f750.html,English,https://bloximages.newyork1.vip.townnews.com/daily-journal.com/content/tncms/assets/v3/editorial/c/fa/cfa1a10e-c3a8-11ee-9e90-c3c3805c49c3/65c009269cd0a.image.jpg,20240206T171500Z,Drug Shortage,3,None,Global
2024-02-03,There an Ozempic Shortage People Actually Affected Weigh In,vogue.com,https://www.vogue.com/article/ozempic-shortage,English,"https://assets.vogue.com/photos/65bd7ca081a45e31dde04709/16:9/w_1280,c_limit/1644968313",20240203T023000Z,Drug Shortage,3,None,Global
2024-02-02,Azurity Pharmaceuticals recalls ADHD drug Zenzedi after bottle mistake,mmm-online.com,https://www.mmm-online.com/home/channel/azurity-recalls-zenzedi-after-bottle-mistake/,English,https://www.mmm-online.com/wp-content/uploads/sites/2/2024/02/GettyImages-1161234835.jpg,20240202T004500Z,Product Recall/Quality,3,None,Global
2024-02-02,Another cancer injectable drug goes into shortage,beckershospitalreview.com,https://www.beckershospitalreview.com/pharmacy/another-cancer-injectable-drug-goes-into-shortage.html,English,,20240202T194500Z,Drug Shortage,3,None,Global
2024-02-01,Diabetic patients frustrated over Trulicity shortage,wtsp.com,https://www.wtsp.com/article/news/health/diabetic-patients-trulicity-shortage/67-2185ce80-abfe-48e2-b240-8b69a4a1f3b9,English,https://media.wtsp.com/assets/WTSP/images/dcc16910-4a4d-427c-9ab7-631e33bc69f4/dcc16910-4a4d-427c-9ab7-631e33bc69f4_1140x641.jpg,20240201T043000Z,Drug Shortage,4,None,Global
2024-02-01,High Cost Of Drugs : Pharmaceutical Industry Players Seek N600bn Intervention Fund For Local Production,leadership.ng,https://leadership.ng/high-cost-of-drugs-pharmaceutical-industry-players-seek-n600bn-intervention-fund-for-local-production/,English,https://leadership.ng/wp-content/uploads/2023/09/drugs-production.png,20240201T101500Z,Pricing/Economics,1,None,Global
