supplier_id,company_name,country,city,product_category,unit,current_stock,max_capacity_monthly,unit_price_inr,lead_time_days,minimum_order_quantity,cold_chain_capable,temperature_range,quality_certifications,cdsco_approved,gmp_certified,reliability_score,on_time_delivery_rate,api_purity,batch_release_time,payment_terms,credit_rating,political_risk,contact_email,phone,business_hours,emergency_supply_available,contract_manufacturing,regulatory_filing_support
PHARM-0001,Martinez LLC Healthcare,Israel,Garciaside,Active Pharmaceutical Ingredients (API),kg,50704,98433,3078.67,45,10000,False,15-25°C,"MHRA UK, CDSCO Approved",True,False,78.6,92.9,99.6%,6 days,Net 45,AA,Low,princesean@jackson.com,623-874-0600x9269,24/7 (international),False,False,False
PHARM-0002,Flores-Williams Laboratories,Switzerland,Martinezhaven,Vaccines,doses,3016,5478,295.28,28,1000,True,2-8°C,"WHO-GMP, EU-GMP, US-FDA Approved",True,False,86.6,82.9,N/A,N/A,LC at sight,BBB,Low,dianerivera@gonzalez-gonzalez.com,455.250.4180x12687,24/7 (international),True,False,True
PHARM-0003,"Cabrera, Miller and Fuentes Pharma",China,South Stephen,Respiratory Medicines,units,178529,518686,74.23,17,1000,False,15-25°C,US-FDA Approved,True,True,79.1,75.1,N/A,N/A,Net 45,AA,Low,cstewart@ramirez.com,+1-391-600-3290,24/7 (international),False,False,True
PHARM-0004,Washington-Bryant Biotech,China,New Michellefort,Pain Relief Medications,units,188089,427473,6.15,24,10000,False,15-25°C,"MHRA UK, CDSCO Approved",False,False,73.6,81.6,N/A,N/A,Net 45,BB,Low,lgraves@weaver.net,828.211.3888,24/7 (international),False,False,False
PHARM-0005,"Smith, Butler and Murphy Pharma",India,Victoriaport,Finished Diabetes Medications,units,396228,798856,244.43,3,10000,False,15-25°C,CDSCO Approved,True,True,70.6,85.2,N/A,N/A,Advance payment,A,High,breanna48@morris-davis.info,7653307382,9 AM - 6 PM IST,False,False,True
PHARM-0006,Smith-Jackson Healthcare,China,Port Mark,Active Pharmaceutical Ingredients (API),kg,43301,79153,3458.28,29,1000,True,2-8°C,"MHRA UK, CDSCO Approved",True,True,89.9,90.9,98.6%,5 days,Net 30,BB,Medium,davidparker@hoffman.com,001-637-890-1622x79453,24/7 (international),True,False,False
PHARM-0007,Wright PLC Life Sciences,India,New Gordonchester,Cold Chain Logistics Services,service,0,0,39.36,9,0,True,2-8°C,CDSCO Approved,True,True,76.3,80.5,N/A,N/A,Advance payment,BBB,Medium,ravenfreeman@mcbride.com,(844)908-3176,9 AM - 6 PM IST,True,False,True
PHARM-0008,"Walker, Kane and Hernandez Biotech",France,Michaelland,Finished Cardiac Drugs,units,437058,1160788,11.25,31,10000,False,15-25°C,"US-FDA Approved, WHO-GMP",False,True,90.9,91.3,N/A,N/A,Net 45,AAA,High,jacquelineclark@bauer-schmidt.info,001-805-352-7240x478,24/7 (international),False,True,False
PHARM-0009,"Benton, Adams and Cook Life Sciences",India,North Rebecca,Pain Relief Medications,units,255931,689487,14.21,6,1000,True,2-8°C,"CDSCO Approved, MHRA UK",True,True,84.4,95.4,N/A,N/A,Advance payment,AA,Medium,ihuang@hall-cooley.com,001-968-964-7499,9 AM - 6 PM IST,False,False,True
PHARM-0010,Flores Ltd Laboratories,Japan,Williamburgh,Finished Diabetes Medications,units,96141,258985,789.9,28,5000,False,15-25°C,CDSCO Approved,False,False,78.2,94.4,N/A,N/A,Net 30,AA,Low,james12@vasquez-spencer.com,525-501-8348,24/7 (international),True,True,False
PHARM-0011,"Young, Wagner and Rivers Healthcare",Japan,Steinberg,Pain Relief Medications,units,84928,183539,9.28,24,1000,False,15-25°C,CDSCO Approved,False,False,71.5,87.4,N/A,N/A,Advance payment,BBB,Medium,kevin72@smith.com,(855)483-2198x125,24/7 (international),True,False,True
PHARM-0012,Buchanan PLC Life Sciences,Israel,North Davidborough,Oncology Drugs,doses,9763,24080,29720.51,30,5000,True,2-8°C,ISO 13485,True,True,70.3,86.7,N/A,N/A,Net 30,AA,Medium,dawsonheidi@shaw.com,305-382-9587x4284,24/7 (international),True,False,True
PHARM-0013,Cortez-Mitchell Laboratories,India,Scottburgh,Finished Antibiotics,units,444580,1169221,48.33,9,500,True,2-8°C,"MHRA UK, CDSCO Approved",True,False,83.2,93.4,N/A,N/A,LC at sight,A,Medium,tferguson@jones.org,246.564.1595x668,9 AM - 6 PM IST,True,True,True
PHARM-0014,Brown-Lester Life Sciences,UK,Padillatown,Pain Relief Medications,units,179748,315150,18.86,32,5000,True,2-8°C,ISO 13485,True,True,96.5,97.1,N/A,N/A,Advance payment,BBB,Low,christine27@sanchez-hopkins.info,(323)794-0427,24/7 (international),False,False,False
PHARM-0015,Berry Group Biotech,India,Greenhaven,Finished Cardiac Drugs,units,437039,711014,18.93,5,5000,True,2-8°C,WHO-GMP,True,True,84.5,75.8,N/A,N/A,LC at sight,AAA,Medium,kevin46@ashley-rivera.com,5675654305,9 AM - 6 PM IST,False,False,False
PHARM-0016,Beasley PLC Pharma,Germany,North Tony,Finished Cardiac Drugs,units,371967,1028903,14.76,42,500,True,2-8°C,"TGA Australia, CDSCO Approved, EU-GMP",True,False,75.9,81.8,N/A,N/A,Net 45,BBB,Low,rwalker@cabrera.org,(745)328-2250,24/7 (international),False,True,False
PHARM-0017,Baker-Yates Pharma,UK,East Tony,Vaccines,doses,4535,8767,579.16,45,10000,True,2-8°C,MHRA UK,False,True,87.7,97.0,N/A,N/A,Advance payment,AAA,Low,jarviskenneth@edwards.com,613.297.8443x5076,24/7 (international),True,False,True
PHARM-0018,Zuniga-Cunningham Biotech,China,Jackiefurt,Active Pharmaceutical Ingredients (API),kg,48090,127166,1321.83,27,1000,True,2-8°C,EU-GMP,False,True,87.3,83.2,99.8%,6 days,Net 45,AAA,High,nicole00@baker.com,+1-593-764-9508x82706,24/7 (international),True,False,False
PHARM-0019,Smith-Miranda Laboratories,India,Simpsonberg,Vaccines,doses,8246,22410,682.5,6,500,True,2-8°C,"CDSCO Approved, WHO-GMP",True,False,72.3,81.8,N/A,N/A,Net 45,AA,High,barbara37@thomas-osborne.com,+1-893-627-8298x1709,9 AM - 6 PM IST,False,False,True
PHARM-0020,Williams Group Pharma,China,Cruzfort,Vaccines,doses,1994,4760,287.04,19,5000,True,2-8°C,"MHRA UK, CDSCO Approved",False,False,92.3,83.6,N/A,N/A,Net 60,AAA,High,stephanierice@adams.com,001-416-983-3638x83278,24/7 (international),True,False,True
PHARM-0021,Lopez-Carter Laboratories,China,Brownshire,Finished Diabetes Medications,units,168502,413041,415.42,15,500,True,2-8°C,"MHRA UK, US-FDA Approved",False,True,74.7,84.8,N/A,N/A,LC at sight,BBB,Medium,amy86@anderson.biz,336-955-1238x23337,24/7 (international),True,False,False
PHARM-0022,Duran-Atkinson Biotech,India,Port Matthewfort,Finished Cardiac Drugs,units,383930,587973,81.13,5,500,True,2-8°C,MHRA UK,True,True,87.0,88.4,N/A,N/A,LC at sight,A,Low,jonesadam@olsen.biz,725-997-0714x619,9 AM - 6 PM IST,True,False,True
PHARM-0023,Taylor LLC Life Sciences,South Korea,Christopherberg,Oncology Drugs,doses,1022,1605,11790.37,23,10000,True,2-8°C,"EU-GMP, WHO-GMP",True,True,88.9,82.4,N/A,N/A,Advance payment,AA,Medium,jacob85@miller-ross.info,001-892-950-4142,24/7 (international),True,False,False
PHARM-0024,"Wilson, Matthews and Terry Pharma",Vietnam,Port Bethany,Active Pharmaceutical Ingredients (API),kg,57732,96309,1831.63,21,500,False,15-25°C,CDSCO Approved,False,False,77.1,78.1,99.3%,7 days,Net 30,BBB,Medium,ywilson@barnes-lawrence.biz,598-426-3503x918,24/7 (international),True,False,True
PHARM-0025,"Garcia, Bush and Sanders Life Sciences",South Korea,Gregoryport,Respiratory Medicines,units,223533,348114,132.16,35,1000,True,2-8°C,"ISO 13485, WHO-GMP",False,True,74.7,84.7,N/A,N/A,Net 30,A,Medium,ukelley@murphy-washington.net,(697)924-9771x620,24/7 (international),True,False,False
PHARM-0026,Meadows Ltd Pharma,China,Port Ryanhaven,Finished Cardiac Drugs,units,63601,121881,4.0,27,1000,True,2-8°C,"US-FDA Approved, MHRA UK",False,True,90.2,80.8,N/A,N/A,LC at sight,A,Low,melvinvasquez@nguyen.com,(718)656-1799,24/7 (international),False,True,True
PHARM-0027,Beck-Richards Life Sciences,Belgium,South Christopherfurt,Finished Diabetes Medications,units,489219,1449976,607.53,31,1000,True,2-8°C,"MHRA UK, TGA Australia",True,True,96.6,93.2,N/A,N/A,Advance payment,A,Low,wstewart@martin.com,001-998-898-0312,24/7 (international),False,True,True
PHARM-0028,Lee-Benson Pharma,Israel,Caldwellmouth,Finished Antibiotics,units,447264,1083476,31.2,39,5000,True,2-8°C,US-FDA Approved,True,True,86.2,92.2,N/A,N/A,LC at sight,A,Medium,judithwagner@fernandez-logan.biz,(430)315-4836x72159,24/7 (international),False,False,False
PHARM-0029,Silva PLC Biotech,Japan,South Bethanyland,Vaccines,doses,6158,15874,535.25,26,500,True,2-8°C,"WHO-GMP, ISO 13485",False,True,96.6,95.6,N/A,N/A,LC at sight,AAA,Medium,paulachristensen@johnson.info,286-455-6603x6664,24/7 (international),False,False,False
PHARM-0030,Johnson Inc Pharma,Bangladesh,East Kim,Active Pharmaceutical Ingredients (API),kg,39952,104879,3128.69,15,1000,True,2-8°C,"ISO 13485, MHRA UK",False,True,92.6,90.9,98.9%,8 days,Advance payment,AAA,Medium,eric94@wilson.com,(402)436-0137x63818,24/7 (international),True,False,False
PHARM-0031,Nelson Inc Laboratories,Bangladesh,West Michaelshire,Oncology Drugs,doses,2469,4216,29002.53,17,1000,True,2-8°C,"MHRA UK, EU-GMP",True,False,89.0,82.6,N/A,N/A,Net 30,AA,Medium,john12@medina.com,001-625-762-9452x295,24/7 (international),False,False,True
PHARM-0032,Nguyen PLC Life Sciences,Bangladesh,Ramirezview,Finished Cardiac Drugs,units,278890,826327,32.77,17,10000,True,2-8°C,"EU-GMP, WHO-GMP",True,True,85.2,92.8,N/A,N/A,Net 30,AAA,Medium,jerry71@morgan.com,728-611-6031x10325,24/7 (international),True,True,False
PHARM-0033,Pham-Conrad Laboratories,France,East Nicholasview,Finished Diabetes Medications,units,313089,875876,197.12,28,1000,False,15-25°C,EU-GMP,True,True,98.3,80.7,N/A,N/A,Net 30,BBB,Low,smithkathleen@huffman-stevens.com,(760)368-6570x1499,24/7 (international),True,False,True
PHARM-0034,Kirby-Sullivan Pharma,Germany,Port Christopherview,Cold Chain Logistics Services,service,0,0,30.17,33,0,True,2-8°C,"TGA Australia, CDSCO Approved, MHRA UK",True,True,74.0,76.7,N/A,N/A,Net 30,AA,Low,ravenmaldonado@baker.com,848-568-5082x59568,24/7 (international),True,False,False
PHARM-0035,"Stevenson, Burns and Wheeler Pharma",India,Monicaport,Finished Diabetes Medications,units,347558,768644,301.25,4,10000,True,2-8°C,"EU-GMP, CDSCO Approved",True,True,83.2,82.5,N/A,N/A,Advance payment,AAA,Low,paynedevin@jacobs.com,+1-559-949-7849x5708,9 AM - 6 PM IST,True,False,True
PHARM-0036,Castillo-Alvarez Healthcare,Ireland,New Anthony,Vaccines,doses,6356,15532,165.34,28,1000,True,2-8°C,EU-GMP,True,False,92.7,92.9,N/A,N/A,Net 30,BBB,Low,tammywilliams@terry.biz,001-388-433-2664x9112,24/7 (international),False,False,True
PHARM-0037,Richards Group Laboratories,Bangladesh,South Lisamouth,Active Pharmaceutical Ingredients (API),kg,15546,37988,3266.25,17,10000,True,2-8°C,"ISO 13485, TGA Australia",True,False,95.9,78.2,99.5%,4 days,Net 45,A,High,thompsonvictor@thompson.com,849.371.1603x115,24/7 (international),True,False,False
PHARM-0038,"Ballard, Smith and Mullen Life Sciences",Vietnam,Lake Elizabeth,Respiratory Medicines,units,437673,718127,228.09,17,1000,False,15-25°C,ISO 13485,False,True,76.0,88.3,N/A,N/A,Net 45,AA,Low,nmcdonald@cummings.com,001-892-263-8687x6276,24/7 (international),True,False,False
PHARM-0039,Roberts PLC Pharma,China,Josephbury,Vaccines,doses,6607,18775,383.45,17,1000,True,2-8°C,"WHO-GMP, US-FDA Approved",True,False,71.0,76.9,N/A,N/A,Net 45,BBB,Low,barbara81@turner-oliver.com,7349413598,24/7 (international),True,False,False
PHARM-0040,"Conner, Cruz and Lewis Biotech",India,North Pamela,Vaccines,doses,7621,12636,771.94,10,500,True,2-8°C,ISO 13485,True,True,72.1,79.3,N/A,N/A,Net 45,A,Medium,rhonda76@gibson.net,(846)606-5412,9 AM - 6 PM IST,True,False,True
PHARM-0041,"Vincent, Martinez and Mccarthy Pharma",Denmark,Brianaport,Cold Chain Logistics Services,service,0,0,29.23,31,0,True,2-8°C,"US-FDA Approved, TGA Australia, EU-GMP",True,True,92.9,88.6,N/A,N/A,Net 30,BB,Low,raymondvelazquez@rowe.com,001-998-216-9834x8935,24/7 (international),True,False,True
PHARM-0042,Mullins-Mcintosh Biotech,Bangladesh,Turnerview,Vaccines,doses,3339,6484,428.27,12,500,True,2-8°C,"CDSCO Approved, US-FDA Approved",False,True,89.9,78.0,N/A,N/A,Net 45,BBB,High,srios@rivera.com,843-936-5683x9612,24/7 (international),True,False,False
PHARM-0043,"Williams, Taylor and Smith Pharma",Switzerland,New Pamelaberg,Oncology Drugs,doses,3261,7701,26347.09,45,500,True,2-8°C,"TGA Australia, WHO-GMP, EU-GMP",True,False,74.8,81.0,N/A,N/A,Net 45,AA,Low,ihowe@turner.com,949-993-0380,24/7 (international),False,False,True
PHARM-0044,"Johnson, Watkins and Lawrence Biotech",Ireland,Christianton,Finished Diabetes Medications,units,82395,159975,160.76,43,5000,False,15-25°C,"MHRA UK, ISO 13485",True,True,71.1,80.2,N/A,N/A,Net 30,A,Medium,iancarlson@guerrero.org,(908)608-5866x932,24/7 (international),True,True,True
PHARM-0045,Stewart PLC Laboratories,Israel,East Jasonchester,Cold Chain Logistics Services,service,0,0,36.12,39,0,True,2-8°C,"MHRA UK, EU-GMP",True,False,94.3,82.5,N/A,N/A,Net 45,BB,Medium,shoffman@hall.info,302.868.0779x496,24/7 (international),False,False,False
PHARM-0046,Bird Ltd Biotech,India,West Carlamouth,Finished Cardiac Drugs,units,386608,774078,31.53,9,500,False,15-25°C,"EU-GMP, US-FDA Approved",True,False,79.7,84.1,N/A,N/A,Net 30,AA,High,hopkinsernest@gonzalez.net,001-898-676-7284x167,9 AM - 6 PM IST,False,True,False
PHARM-0047,"Carlson, Kennedy and Long Healthcare",India,Danielmouth,Finished Cardiac Drugs,units,452122,692077,9.33,10,10000,False,15-25°C,ISO 13485,True,False,73.0,90.4,N/A,N/A,Net 60,AAA,Medium,wgay@wilson-young.info,(925)438-0905x407,9 AM - 6 PM IST,True,True,True
PHARM-0048,"Hudson, Davis and Sanchez Laboratories",Belgium,Ballardshire,Active Pharmaceutical Ingredients (API),kg,38467,72175,3483.9,43,500,False,15-25°C,MHRA UK,True,True,72.6,88.9,99.2%,3 days,Net 60,BBB,Medium,alexander42@barrett-smith.com,704.390.8463x131,24/7 (international),True,False,False
PHARM-0049,May Inc Healthcare,India,South Jay,Finished Cardiac Drugs,units,454978,991285,40.29,6,1000,False,15-25°C,"EU-GMP, WHO-GMP",False,True,87.7,78.1,N/A,N/A,LC at sight,BBB,High,kristina90@lewis-hawkins.info,+1-761-608-9646,9 AM - 6 PM IST,True,False,False
PHARM-0050,"Gordon, Bryant and Dennis Laboratories",Switzerland,East Markside,Active Pharmaceutical Ingredients (API),kg,34760,84959,3426.52,23,5000,True,2-8°C,"MHRA UK, TGA Australia, EU-GMP",True,True,89.1,81.6,99.5%,10 days,Net 60,A,Low,andersonjonathan@wilkerson.net,523.453.3557x42431,24/7 (international),True,False,False
PHARM-0051,"Robbins, Smith and Jones Pharma",USA,Chadstad,Generic Essential Drugs,units,237289,466415,13.73,45,1000,False,15-25°C,"TGA Australia, ISO 13485, US-FDA Approved",True,True,88.2,86.5,N/A,N/A,Advance payment,AAA,Low,marc84@blanchard.com,(681)451-7832x60333,24/7 (international),True,False,False
PHARM-0052,Adams PLC Life Sciences,USA,Robertsfurt,Respiratory Medicines,units,151094,267298,252.99,36,5000,True,2-8°C,"MHRA UK, ISO 13485, EU-GMP",True,False,70.6,77.6,N/A,N/A,Advance payment,AA,Low,wpitts@melendez.com,791.607.8183x238,24/7 (international),False,False,True
PHARM-0053,"Barber, Anderson and Hill Biotech",India,New Wayneshire,Vaccines,doses,3607,8318,625.4,10,1000,True,2-8°C,CDSCO Approved,False,True,86.3,75.1,N/A,N/A,Net 60,BB,Medium,wstevenson@jensen.com,+1-280-284-6234x661,9 AM - 6 PM IST,True,False,False
PHARM-0054,"Ryan, Hernandez and Smith Healthcare",India,Lake Ericshire,Pain Relief Medications,units,447747,1237211,2.85,6,10000,False,15-25°C,"WHO-GMP, US-FDA Approved",True,False,80.2,88.7,N/A,N/A,Advance payment,AA,High,rachel39@hudson.biz,214.722.0160,9 AM - 6 PM IST,False,False,True
PHARM-0055,"Hatfield, Jones and Bates Healthcare",Japan,Connortown,Vaccines,doses,7593,18134,685.24,30,500,True,2-8°C,"EU-GMP, CDSCO Approved",False,False,90.6,79.3,N/A,N/A,LC at sight,AAA,Low,moraleselizabeth@wilson.com,291-419-3781,24/7 (international),True,False,True
PHARM-0056,Wagner LLC Pharma,Vietnam,Reginaton,Finished Diabetes Medications,units,363697,774292,462.15,25,1000,True,2-8°C,"EU-GMP, ISO 13485",True,True,72.7,90.6,N/A,N/A,Net 60,BBB,Low,sean15@perkins.info,362.285.3843x0264,24/7 (international),False,True,True
PHARM-0057,"Patton, Lee and Bowers Laboratories",China,East Rachel,Pain Relief Medications,units,233697,417807,2.48,15,5000,True,2-8°C,EU-GMP,True,True,83.3,93.0,N/A,N/A,Net 45,AAA,High,znoble@arnold.com,001-835-441-3835,24/7 (international),True,False,True
PHARM-0058,"Greer, Nichols and Gonzales Pharma",USA,East Sandra,Vaccines,doses,1520,2937,849.31,35,10000,True,2-8°C,"ISO 13485, MHRA UK, US-FDA Approved",True,True,85.9,90.3,N/A,N/A,Net 60,AA,Low,davidwallace@williams.com,930-940-8012,24/7 (international),False,False,False
PHARM-0059,Reed-Middleton Laboratories,India,Colehaven,Active Pharmaceutical Ingredients (API),kg,78415,224157,1060.29,4,500,True,2-8°C,"ISO 13485, CDSCO Approved",True,True,87.8,97.0,98.6%,4 days,Net 45,AAA,High,tmejia@mclaughlin.biz,(294)453-0114x4901,9 AM - 6 PM IST,False,False,False
PHARM-0060,"Howell, Friedman and Gonzalez Pharma",China,Michaelstad,Oncology Drugs,doses,5920,9309,40565.33,24,10000,True,2-8°C,CDSCO Approved,False,True,89.5,88.6,N/A,N/A,LC at sight,AAA,Medium,danielthompson@miller.com,551-213-9909x21703,24/7 (international),False,False,True
PHARM-0061,"Lee, Carpenter and Howard Pharma",India,Kimton,Cold Chain Logistics Services,service,0,0,9.29,6,0,True,2-8°C,CDSCO Approved,False,False,91.0,81.7,N/A,N/A,LC at sight,AAA,High,jeffrey47@rojas.com,898.232.8811x09351,9 AM - 6 PM IST,True,False,False
PHARM-0062,Rowe PLC Pharma,Vietnam,Port Sandra,Pain Relief Medications,units,151640,385307,0.85,17,1000,False,15-25°C,ISO 13485,True,True,70.3,77.1,N/A,N/A,Net 60,BBB,High,whiterobert@yoder-carter.com,001-555-627-9930x818,24/7 (international),False,False,False
PHARM-0063,Holt-Mendez Pharma,China,Port Barry,Generic Essential Drugs,units,75314,225481,5.91,24,10000,True,2-8°C,"CDSCO Approved, MHRA UK",True,False,83.8,84.5,N/A,N/A,Net 60,BBB,High,atkinsonkeith@lowe-drake.org,381-584-1012x9199,24/7 (international),True,False,True
PHARM-0064,Woods PLC Healthcare,Switzerland,Timothybury,Oncology Drugs,doses,3313,8352,74506.28,35,500,True,2-8°C,"TGA Australia, WHO-GMP, US-FDA Approved",True,True,95.3,97.6,N/A,N/A,Net 45,BB,Low,ykelly@marquez.org,376.271.9863x4305,24/7 (international),True,False,True
PHARM-0065,Edwards-Odonnell Pharma,Switzerland,Sarahchester,Pain Relief Medications,units,131487,247004,14.2,36,5000,False,15-25°C,"EU-GMP, TGA Australia, WHO-GMP",True,True,75.5,87.7,N/A,N/A,Net 60,AAA,Low,anthonyferguson@thornton-walters.com,6349566763,24/7 (international),False,False,True
PHARM-0066,"Mckay, Perry and Cooper Biotech",India,Reynoldsstad,Vaccines,doses,7811,12564,274.64,4,1000,True,2-8°C,TGA Australia,True,True,87.2,87.0,N/A,N/A,Net 60,AAA,High,simmonscaitlin@smith.biz,+1-492-533-2696x3781,9 AM - 6 PM IST,False,False,False
PHARM-0067,Fitzgerald-Gonzales Biotech,China,Joseshire,Finished Antibiotics,units,212109,420711,21.95,22,1000,True,2-8°C,"EU-GMP, US-FDA Approved",True,True,79.2,81.0,N/A,N/A,Net 60,BBB,High,paulascott@thomas.com,+1-983-684-1504,24/7 (international),False,False,True
PHARM-0068,Pace-Cruz Healthcare,Vietnam,South Kristachester,Respiratory Medicines,units,234680,675788,194.76,14,10000,True,2-8°C,WHO-GMP,True,True,78.3,82.6,N/A,N/A,Net 45,A,Low,hancockjessica@harper.com,531.673.4490,24/7 (international),False,False,False
PHARM-0069,Williamson-Mcdonald Life Sciences,Japan,Ashleyland,Finished Cardiac Drugs,units,148505,259253,84.3,29,10000,False,15-25°C,WHO-GMP,True,True,78.3,86.2,N/A,N/A,Net 60,AAA,High,gabrielle42@jordan-lambert.com,001-985-406-4179x173,24/7 (international),True,True,False
PHARM-0070,Boyd LLC Laboratories,UK,Mariamouth,Oncology Drugs,doses,4524,10068,40880.51,21,10000,True,2-8°C,US-FDA Approved,True,True,81.5,84.0,N/A,N/A,LC at sight,AA,Low,brian11@mullins.com,001-284-700-1542,24/7 (international),True,False,False
PHARM-0071,Long PLC Life Sciences,UK,Port Andrew,Finished Antibiotics,units,75971,128472,47.33,27,500,False,15-25°C,US-FDA Approved,True,True,98.1,81.2,N/A,N/A,Net 45,A,Low,coopernatalie@roberts.com,4263933335,24/7 (international),False,False,True
PHARM-0072,"Richardson, Velazquez and Owens Laboratories",Ireland,Ramirezton,Finished Cardiac Drugs,units,160337,447411,2.7,36,5000,True,2-8°C,ISO 13485,True,False,76.9,87.7,N/A,N/A,LC at sight,A,High,traciharris@joyce.com,390-203-0245x1409,24/7 (international),False,False,True
PHARM-0073,Jenkins-Pitts Life Sciences,India,Jacobborough,Pain Relief Medications,units,422146,890673,13.95,6,500,False,15-25°C,US-FDA Approved,True,True,97.9,83.1,N/A,N/A,Net 45,A,Low,hle@rogers.org,+1-556-655-9612x0623,9 AM - 6 PM IST,False,False,True
PHARM-0074,"Herman, Price and Thompson Healthcare",Germany,North Robertstad,Active Pharmaceutical Ingredients (API),kg,99571,171702,7568.97,42,1000,False,15-25°C,"EU-GMP, ISO 13485, US-FDA Approved",False,True,92.6,75.7,99.8%,5 days,Net 45,AAA,Low,robinsondaniel@holt.net,213.220.0016,24/7 (international),False,False,False
PHARM-0075,Bradley Group Laboratories,China,East Ariel,Finished Cardiac Drugs,units,332168,696521,58.61,27,5000,False,15-25°C,EU-GMP,True,False,88.3,75.9,N/A,N/A,LC at sight,BBB,Low,carla99@harris.org,374-744-5842x34424,24/7 (international),True,False,False
PHARM-0076,"Skinner, Williamson and Wagner Pharma",Belgium,Davenportmouth,Vaccines,doses,7730,21538,392.0,31,5000,True,2-8°C,CDSCO Approved,True,True,81.9,83.4,N/A,N/A,LC at sight,A,Medium,murphyjared@wang.org,832-887-5656x703,24/7 (international),True,False,True
PHARM-0077,"Brown, Morgan and Miller Pharma",Germany,East Michaelville,Finished Diabetes Medications,units,159211,253875,424.61,34,5000,False,15-25°C,"US-FDA Approved, ISO 13485, WHO-GMP",True,True,94.5,95.6,N/A,N/A,Net 60,A,Low,barnescynthia@avila.info,(763)434-3766,24/7 (international),True,False,False
PHARM-0078,Potter-Conrad Pharma,India,Reyesmouth,Oncology Drugs,doses,9604,16395,12122.46,8,10000,False,15-25°C,ISO 13485,True,True,71.1,97.2,N/A,N/A,Advance payment,AA,Low,davidsmith@martinez-cummings.net,001-841-211-8388,9 AM - 6 PM IST,False,False,False
PHARM-0079,Morgan-Greene Healthcare,China,North Codyfort,Active Pharmaceutical Ingredients (API),kg,68659,152323,859.22,17,5000,True,2-8°C,ISO 13485,False,True,70.2,97.0,99.2%,4 days,Net 45,AA,Medium,corymendez@gross.com,(630)229-3053x0378,24/7 (international),True,False,False
PHARM-0080,Burton PLC Life Sciences,UK,Lindafort,Finished Diabetes Medications,units,446103,703891,776.04,38,5000,True,2-8°C,TGA Australia,True,True,82.2,95.7,N/A,N/A,Net 60,AA,Low,carolynmiller@gonzales.org,677-611-4211x825,24/7 (international),False,True,True
PHARM-0081,Brown Ltd Laboratories,China,Brandtberg,Respiratory Medicines,units,105592,298247,130.95,21,1000,False,15-25°C,US-FDA Approved,True,True,72.6,92.0,N/A,N/A,LC at sight,BB,Medium,qhill@hill.info,+1-352-750-3347x67376,24/7 (international),True,False,True
PHARM-0082,"Smith, Taylor and Valencia Life Sciences",India,New Julietown,Pain Relief Medications,units,482316,1341574,13.7,3,10000,True,2-8°C,"US-FDA Approved, WHO-GMP",True,False,72.3,91.7,N/A,N/A,Advance payment,A,High,matthewlopez@smith.biz,811.738.2737x654,9 AM - 6 PM IST,False,False,True
PHARM-0083,"Walsh, Kent and Wood Life Sciences",India,Michaelbury,Finished Antibiotics,units,255717,383645,36.34,9,1000,False,15-25°C,"TGA Australia, EU-GMP",True,False,75.3,75.2,N/A,N/A,Net 45,AA,Medium,edgar35@gutierrez-gamble.net,273-280-0826x946,9 AM - 6 PM IST,True,False,False
PHARM-0084,"Combs, Hardy and Jackson Biotech",Bangladesh,Baxterchester,Pain Relief Medications,units,252317,479914,4.77,14,1000,False,15-25°C,TGA Australia,True,True,84.1,75.9,N/A,N/A,Net 30,AAA,Low,paulabrowning@patterson-silva.com,3355655391,24/7 (international),False,False,False
PHARM-0085,"Riley, Lynch and Barnes Laboratories",France,West Amy,Pain Relief Medications,units,192620,375390,7.85,41,5000,True,2-8°C,"WHO-GMP, TGA Australia",True,True,98.6,78.2,N/A,N/A,Advance payment,AAA,Low,kimberlylewis@walsh.biz,(710)324-1374x80880,24/7 (international),True,False,False
PHARM-0086,Decker Group Healthcare,USA,West Davidshire,Cold Chain Logistics Services,service,0,0,13.8,41,0,True,2-8°C,"TGA Australia, US-FDA Approved, CDSCO Approved",True,True,88.3,87.8,N/A,N/A,Net 60,AAA,Low,daryl30@harris.com,305.531.6104x585,24/7 (international),False,False,False
PHARM-0087,Barr-Hill Laboratories,Ireland,Peterfort,Oncology Drugs,doses,6538,15598,12294.55,32,10000,False,15-25°C,WHO-GMP,False,False,82.0,88.9,N/A,N/A,Net 30,BB,High,rachel94@jensen.com,001-220-204-9073,24/7 (international),False,False,False
PHARM-0088,Lawson-Martinez Pharma,China,Masonville,Oncology Drugs,doses,1795,2939,31632.34,14,5000,True,2-8°C,"CDSCO Approved, WHO-GMP",True,False,84.8,82.8,N/A,N/A,LC at sight,AA,High,matthewflores@anderson-daniel.net,234.349.1614,24/7 (international),True,False,False
PHARM-0089,"Smith, Bell and Bishop Life Sciences",Denmark,New Jessicafurt,Pain Relief Medications,units,82550,213835,23.17,21,10000,True,2-8°C,"US-FDA Approved, WHO-GMP, TGA Australia",True,True,76.2,88.0,N/A,N/A,Net 45,AA,Medium,emason@morgan.com,+1-272-946-3564x5120,24/7 (international),True,False,True
PHARM-0090,Garrison-Davidson Laboratories,Denmark,Port Teresaborough,Vaccines,doses,2600,5795,782.35,24,500,True,2-8°C,"EU-GMP, ISO 13485, WHO-GMP",False,True,98.4,94.4,N/A,N/A,LC at sight,BBB,Low,joe85@gutierrez-bailey.com,(801)667-6643x297,24/7 (international),True,False,True
PHARM-0091,"Butler, Burton and Anderson Pharma",China,Jamiehaven,Vaccines,doses,8819,13761,440.73,16,5000,True,2-8°C,EU-GMP,True,True,82.4,78.7,N/A,N/A,Net 45,BB,Medium,rodriguezcharles@lewis-suarez.com,(646)569-4929,24/7 (international),True,False,True
PHARM-0092,Schroeder LLC Laboratories,China,Jasonhaven,Vaccines,doses,8010,19152,585.63,15,5000,True,2-8°C,"WHO-GMP, MHRA UK",False,False,73.8,80.5,N/A,N/A,Net 30,AA,High,dcox@hoover-chavez.com,269.213.0332,24/7 (international),True,False,False
PHARM-0093,Stewart-Lopez Life Sciences,France,New Josephtown,Oncology Drugs,doses,9917,25942,15444.63,22,5000,True,2-8°C,"WHO-GMP, MHRA UK",True,False,93.0,83.8,N/A,N/A,Net 60,A,Low,peter42@velazquez.org,335.757.7620x78125,24/7 (international),True,False,False
PHARM-0094,"Smith, Shelton and Ruiz Life Sciences",Japan,Fieldsstad,Finished Diabetes Medications,units,89967,233229,469.79,21,1000,False,15-25°C,TGA Australia,False,True,90.5,90.1,N/A,N/A,Net 60,BBB,Medium,hmiller@gutierrez.biz,912-555-0062x972,24/7 (international),True,False,False
PHARM-0095,Lara Group Laboratories,China,Estradaville,Pain Relief Medications,units,143008,425818,7.42,25,5000,False,15-25°C,WHO-GMP,True,True,75.4,93.8,N/A,N/A,Advance payment,AA,Medium,staylor@wilkinson.com,481.532.5021x56089,24/7 (international),False,False,False
PHARM-0096,Mitchell LLC Healthcare,Japan,West Christine,Cold Chain Logistics Services,service,0,0,39.74,35,0,False,15-25°C,"EU-GMP, WHO-GMP",False,True,81.9,76.3,N/A,N/A,Net 60,A,Low,christopher57@shields-sherman.com,(671)797-8751,24/7 (international),True,False,False
PHARM-0097,Wolfe Ltd Laboratories,Germany,Port Janice,Oncology Drugs,doses,6523,17077,71447.47,34,500,False,15-25°C,"ISO 13485, TGA Australia, WHO-GMP",False,False,71.7,95.8,N/A,N/A,Net 45,A,Low,amymiller@smith.com,922-767-6399,24/7 (international),False,False,True
PHARM-0098,White Inc Pharma,India,Patrickshire,Active Pharmaceutical Ingredients (API),kg,65193,118366,1907.22,8,1000,False,15-25°C,"TGA Australia, CDSCO Approved",True,True,79.9,94.9,98.9%,10 days,Net 45,AAA,Medium,amanda68@lynch-rivas.com,001-279-790-0992x263,9 AM - 6 PM IST,True,False,False
PHARM-0099,Espinoza-Sanders Laboratories,Belgium,New Kristenport,Finished Antibiotics,units,290162,663939,10.12,40,500,True,2-8°C,CDSCO Approved,True,False,95.3,83.4,N/A,N/A,Net 45,BB,Low,ydixon@frederick.info,648.922.1256x0460,24/7 (international),True,True,False
PHARM-0100,Rios PLC Laboratories,India,Williammouth,Generic Essential Drugs,units,332982,504613,2.08,9,10000,True,2-8°C,"EU-GMP, WHO-GMP",True,False,80.9,93.7,N/A,N/A,Net 45,BBB,Medium,brownanthony@velez.org,(760)790-0140,9 AM - 6 PM IST,False,False,False
